group,identity,canonical_slug,canonical_url,decision,slug,title,doi,pmid,sitemap,noindex,current_canonical,is_canonical,redirect_required
1,10.1080/15502783.2026.2674220,acute-beetroot-juice-ingestion-fails-to-improve-sprint-performance-and-neuromuscular-function-in-tra,https://nutreconciencia.com/articulos/acute-beetroot-juice-ingestion-fails-to-improve-sprint-performance-and-neuromuscular-function-in-tra/,MANUAL_DECISION,acute-beetroot-juice-ingestion-fails-to-improve-sprint-performance-and-neuromuscular-funct,"Acute beetroot juice ingestion fails to improve sprint performance and neuromuscular function in trained male sprinters: a randomized, double-blind, placebo-controlled study.",10.1080/15502783.2026.2674220,42148901,False,False,https://nutreconciencia.com/articulos/acute-beetroot-juice-ingestion-fails-to-improve-sprint-performance-and-neuromuscular-funct/,False,True
1,10.1080/15502783.2026.2674220,acute-beetroot-juice-ingestion-fails-to-improve-sprint-performance-and-neuromuscular-function-in-tra,https://nutreconciencia.com/articulos/acute-beetroot-juice-ingestion-fails-to-improve-sprint-performance-and-neuromuscular-function-in-tra/,MANUAL_DECISION,acute-beetroot-juice-ingestion-fails-to-improve-sprint-performance-and-neuromuscular-function-in-tra,"Acute beetroot juice ingestion fails to improve sprint performance and neuromuscular function in trained male sprinters: a randomized, double-blind, placebo-controlled study | Miguel López Moreno",10.1080/15502783.2026.2674220,42148901,False,False,https://nutreconciencia.com/articulos/acute-beetroot-juice-ingestion-fails-to-improve-sprint-performance-and-neuromuscular-function-in-tra/,True,False
2,10.3390/nu13093174,adherence-to-mediterranean-diet-alcohol-consumption-and-emotional-eating-in-spanish-university-stude,https://nutreconciencia.com/articulos/adherence-to-mediterranean-diet-alcohol-consumption-and-emotional-eating-in-spanish-university-stude/,MANUAL_DECISION,adherence-to-mediterranean-diet-alcohol-consumption-and-emotional-eating-in-spanish-univer,"Adherence to Mediterranean Diet, Alcohol Consumption and Emotional Eating in Spanish University Students.",10.3390/nu13093174,34579051,False,False,https://nutreconciencia.com/articulos/adherence-to-mediterranean-diet-alcohol-consumption-and-emotional-eating-in-spanish-univer/,False,True
2,10.3390/nu13093174,adherence-to-mediterranean-diet-alcohol-consumption-and-emotional-eating-in-spanish-university-stude,https://nutreconciencia.com/articulos/adherence-to-mediterranean-diet-alcohol-consumption-and-emotional-eating-in-spanish-university-stude/,MANUAL_DECISION,adherence-to-mediterranean-diet-alcohol-consumption-and-emotional-eating-in-spanish-university-stude,"Adherence to Mediterranean Diet, Alcohol Consumption and Emotional Eating in Spanish University Students | Miguel López Moreno",10.3390/nu13093174,34579051,False,False,https://nutreconciencia.com/articulos/adherence-to-mediterranean-diet-alcohol-consumption-and-emotional-eating-in-spanish-university-stude/,True,False
3,10.1016/j.advnut.2026.100693,appearance-of-validity,https://nutreconciencia.com/articulos/appearance-of-validity/,SITEMAP_CANONICAL,appearance-of-validity,The Appearance of Validity in Nutrition Science: Why Weak Inferences Persist,10.1016/j.advnut.2026.100693,42364696,True,False,https://nutreconciencia.com/articulos/appearance-of-validity/,True,False
3,10.1016/j.advnut.2026.100693,appearance-of-validity,https://nutreconciencia.com/articulos/appearance-of-validity/,SITEMAP_CANONICAL,the-appearance-of-validity-in-nutrition-science-why-weak-inferences-persist,The Appearance of Validity in Nutrition Science: Why Weak Inferences Persist.,10.1016/j.advnut.2026.100693,42364696,False,False,https://nutreconciencia.com/articulos/the-appearance-of-validity-in-nutrition-science-why-weak-inferences-persist/,False,True
4,10.1186/s40798-025-00852-7,plant-diets-muscular-strength,https://nutreconciencia.com/articulos/plant-diets-muscular-strength/,SITEMAP_CANONICAL,are-plant-based-diets-detrimental-to-muscular-strength-a-systematic-review-and-meta-analys,Are Plant-Based Diets Detrimental to Muscular Strength? A Systematic Review and Meta-Analysis of Randomized Controlled Trials,10.1186/s40798-025-00852-7,40455307,False,False,https://nutreconciencia.com/articulos/are-plant-based-diets-detrimental-to-muscular-strength-a-systematic-review-and-meta-analys/,False,True
4,10.1186/s40798-025-00852-7,plant-diets-muscular-strength,https://nutreconciencia.com/articulos/plant-diets-muscular-strength/,SITEMAP_CANONICAL,are-plant-based-diets-detrimental-to-muscular-strength-a-systematic-review-and-meta-analysis-of-rand,Are Plant-Based Diets Detrimental to Muscular Strength? A Systematic Review and Meta-Analysis of Randomized Controlled Trials | Miguel López Moreno,10.1186/s40798-025-00852-7,40455307,False,False,https://nutreconciencia.com/articulos/are-plant-based-diets-detrimental-to-muscular-strength-a-systematic-review-and-meta-analysis-of-rand/,False,True
4,10.1186/s40798-025-00852-7,plant-diets-muscular-strength,https://nutreconciencia.com/articulos/plant-diets-muscular-strength/,SITEMAP_CANONICAL,plant-diets-muscular-strength,Are Plant-Based Diets Detrimental to Muscular Strength? A Systematic Review and Meta-Analysis of Randomized Controlled Trials,10.1186/s40798-025-00852-7,,True,False,https://nutreconciencia.com/articulos/plant-diets-muscular-strength/,True,False
5,10.1123/ijsnem.2024-0113,beetroot-juice-handball,https://nutreconciencia.com/articulos/beetroot-juice-handball/,SITEMAP_CANONICAL,beetroot-juice-handball,"Multiday Beetroot Juice Ingestion Improves Some Aspects of Neuromuscular Performance in Semi-Professional, Male Handball Players",10.1123/ijsnem.2024-0113,39579758,True,False,https://nutreconciencia.com/articulos/beetroot-juice-handball/,True,False
5,10.1123/ijsnem.2024-0113,beetroot-juice-handball,https://nutreconciencia.com/articulos/beetroot-juice-handball/,SITEMAP_CANONICAL,multiday-beetroot-juice-ingestion-improves-some-aspects-of-neuromuscular-performance-in-se,"Multiday Beetroot Juice Ingestion Improves Some Aspects of Neuromuscular Performance in Semi-Professional, Male Handball Players: A Randomized, Double-Blind, Placebo-Controlled, Crossover Study.",10.1123/ijsnem.2024-0113,39579758,False,False,https://nutreconciencia.com/articulos/multiday-beetroot-juice-ingestion-improves-some-aspects-of-neuromuscular-performance-in-se/,False,True
5,10.1123/ijsnem.2024-0113,beetroot-juice-handball,https://nutreconciencia.com/articulos/beetroot-juice-handball/,SITEMAP_CANONICAL,multiday-beetroot-juice-ingestion-improves-some-aspects-of-neuromuscular-performance-in-semi-profess,"Multiday Beetroot Juice Ingestion Improves Some Aspects of Neuromuscular Performance in Semi-Professional, Male Handball Players: A Randomized, Double-Blind, Placebo-Controlled, Crossover Study | Miguel López Moreno",10.1123/ijsnem.2024-0113,39579758,False,False,https://nutreconciencia.com/articulos/multiday-beetroot-juice-ingestion-improves-some-aspects-of-neuromuscular-performance-in-semi-profess/,False,True
6,10.1093/nutrit/nuaf315,breast-cancer-plant-based-diets,https://nutreconciencia.com/articulos/breast-cancer-plant-based-diets/,SITEMAP_CANONICAL,breast-cancer-plant-based-diets,Breast Cancer Risk and Mortality and Adherence to Plant-Based Diets: A Systematic Review and Meta-Analysis,10.1093/nutrit/nuaf315,41719178,True,False,https://nutreconciencia.com/articulos/breast-cancer-plant-based-diets/,True,False
6,10.1093/nutrit/nuaf315,breast-cancer-plant-based-diets,https://nutreconciencia.com/articulos/breast-cancer-plant-based-diets/,SITEMAP_CANONICAL,breast-cancer-risk-and-mortality-and-adherence-to-plant-based-diets-a-systematic-review-an,Breast Cancer Risk and Mortality and Adherence to Plant-Based Diets: A Systematic Review and Meta-Analysis.,10.1093/nutrit/nuaf315,41719178,False,False,https://nutreconciencia.com/articulos/breast-cancer-risk-and-mortality-and-adherence-to-plant-based-diets-a-systematic-review-an/,False,True
6,10.1093/nutrit/nuaf315,breast-cancer-plant-based-diets,https://nutreconciencia.com/articulos/breast-cancer-plant-based-diets/,SITEMAP_CANONICAL,breast-cancer-risk-and-mortality-and-adherence-to-plant-based-diets-a-systematic-review-and-meta-ana,Breast Cancer Risk and Mortality and Adherence to Plant-Based Diets: A Systematic Review and Meta-Analysis | Miguel López Moreno,10.1093/nutrit/nuaf315,41719178,False,False,https://nutreconciencia.com/articulos/breast-cancer-risk-and-mortality-and-adherence-to-plant-based-diets-a-systematic-review-and-meta-ana/,False,True
7,10.3390/jcm14072160,cluster-headache-migraine,https://nutreconciencia.com/articulos/cluster-headache-migraine/,SITEMAP_CANONICAL,cluster-headache-and-migraine-shared-and-unique-insights-neurophysiological-implications-n,"Cluster Headache and Migraine Shared and Unique Insights: Neurophysiological Implications, Neuroimaging, and Biomarkers: A Comprehensive Review",10.3390/jcm14072160,40217611,False,False,https://nutreconciencia.com/articulos/cluster-headache-and-migraine-shared-and-unique-insights-neurophysiological-implications-n/,False,True
7,10.3390/jcm14072160,cluster-headache-migraine,https://nutreconciencia.com/articulos/cluster-headache-migraine/,SITEMAP_CANONICAL,cluster-headache-and-migraine-shared-and-unique-insights-neurophysiological-implications-neuroimagin,"Cluster Headache and Migraine Shared and Unique Insights: Neurophysiological Implications, Neuroimaging, and Biomarkers: A Comprehensive Review | Miguel López Moreno",10.3390/jcm14072160,,False,False,https://nutreconciencia.com/articulos/cluster-headache-and-migraine-shared-and-unique-insights-neurophysiological-implications-neuroimagin/,False,True
7,10.3390/jcm14072160,cluster-headache-migraine,https://nutreconciencia.com/articulos/cluster-headache-migraine/,SITEMAP_CANONICAL,cluster-headache-migraine,"Cluster Headache and Migraine Shared and Unique Insights: Neurophysiological Implications, Neuroimaging, and Biomarkers",10.3390/jcm14072160,40217611,True,False,https://nutreconciencia.com/articulos/cluster-headache-migraine/,True,False
8,10.3390/foods15101806,dry-cured-ham-comment,https://nutreconciencia.com/articulos/dry-cured-ham-comment/,SITEMAP_CANONICAL,comment-on-hern-ndez-lorca-et-al-effects-of-dry-cured-ham-consumption-on-cardiometabolic-a,"Comment on Hernández-Lorca et al. Effects of Dry-Cured Ham Consumption on Cardiometabolic and Vascular Health in Adults: A Systematic Review and Meta-Analysis of Human Intervention Studies. Foods 2026, 15, 1198.",10.3390/foods15101806,42196009,False,False,https://nutreconciencia.com/articulos/comment-on-hern-ndez-lorca-et-al-effects-of-dry-cured-ham-consumption-on-cardiometabolic-a/,False,True
8,10.3390/foods15101806,dry-cured-ham-comment,https://nutreconciencia.com/articulos/dry-cured-ham-comment/,SITEMAP_CANONICAL,comment-on-hernndez-lorca-et-al-effects-of-dry-cured-ham-consumption-on-cardiometabolic-and-vascular,"Comment on Hernández-Lorca et al. Effects of Dry-Cured Ham Consumption on Cardiometabolic and Vascular Health in Adults: A Systematic Review and Meta-Analysis of Human Intervention Studies. Foods 2026, 15, 1198 | Miguel López Moreno",10.3390/foods15101806,,False,False,https://nutreconciencia.com/articulos/comment-on-hernndez-lorca-et-al-effects-of-dry-cured-ham-consumption-on-cardiometabolic-and-vascular/,False,True
8,10.3390/foods15101806,dry-cured-ham-comment,https://nutreconciencia.com/articulos/dry-cured-ham-comment/,SITEMAP_CANONICAL,dry-cured-ham-comment,Comment on Hernández-Lorca et al. Effects of Dry-Cured Ham Consumption on Cardiometabolic and Vascular Health in Adults,10.3390/foods15101806,42196009,True,False,https://nutreconciencia.com/articulos/dry-cured-ham-comment/,True,False
9,10.3390/nu14204266,comment-on-montoro-garca-et-al-beneficial-impact-of-pork-dry-cured-ham-consumption-on-blood-pressure,https://nutreconciencia.com/articulos/comment-on-montoro-garca-et-al-beneficial-impact-of-pork-dry-cured-ham-consumption-on-blood-pressure/,NON_NOINDEX_CANONICAL,comment-on-montoro-garc-a-et-al-beneficial-impact-of-pork-dry-cured-ham-consumption-on-blo,Redirigiendo…,10.3390/nu14204266,,False,True,https://nutreconciencia.com/articulos/comment-on-montoro-garca-et-al-beneficial-impact-of-pork-dry-cured-ham-consumption-on-blood-pressure/,False,True
9,10.3390/nu14204266,comment-on-montoro-garca-et-al-beneficial-impact-of-pork-dry-cured-ham-consumption-on-blood-pressure,https://nutreconciencia.com/articulos/comment-on-montoro-garca-et-al-beneficial-impact-of-pork-dry-cured-ham-consumption-on-blood-pressure/,NON_NOINDEX_CANONICAL,comment-on-montoro-garca-et-al-beneficial-impact-of-pork-dry-cured-ham-consumption-on-blood-pressure,"Comment on Montoro-García et al. Beneficial Impact of Pork Dry-Cured Ham Consumption on Blood Pressure and Cardiometabolic Markers in Individuals with Cardiovascular Risk. Nutrients 2022, 14, 298.",10.3390/nu14204266,36296950,False,False,https://nutreconciencia.com/articulos/comment-on-montoro-garca-et-al-beneficial-impact-of-pork-dry-cured-ham-consumption-on-blood-pressure/,True,False
10,10.1002/jcsm.70036,comment-on-systematic-review-and-metaanalysis-of-protein-intake-to-support-muscle-mass-and-function,https://nutreconciencia.com/articulos/comment-on-systematic-review-and-metaanalysis-of-protein-intake-to-support-muscle-mass-and-function/,NON_NOINDEX_CANONICAL,comment-on-systematic-review-and-meta-analysis-of-protein-intake-to-support-muscle-mass-an,Redirigiendo…,10.1002/jcsm.70036,,False,True,https://nutreconciencia.com/articulos/comment-on-systematic-review-and-metaanalysis-of-protein-intake-to-support-muscle-mass-and-function/,False,True
10,10.1002/jcsm.70036,comment-on-systematic-review-and-metaanalysis-of-protein-intake-to-support-muscle-mass-and-function,https://nutreconciencia.com/articulos/comment-on-systematic-review-and-metaanalysis-of-protein-intake-to-support-muscle-mass-and-function/,NON_NOINDEX_CANONICAL,comment-on-systematic-review-and-metaanalysis-of-protein-intake-to-support-muscle-mass-and-function,"Comment on ""Systematic Review and Meta-Analysis of Protein Intake to Support Muscle Mass and Function in Healthy Adults"" by Nunes et al.",10.1002/jcsm.70036,40716105,False,False,https://nutreconciencia.com/articulos/comment-on-systematic-review-and-metaanalysis-of-protein-intake-to-support-muscle-mass-and-function/,True,False
11,10.3389/fnut.2025.1622160,commentary-the-energy-model-of-insulin-resistance-a-unifying-theory-linking-seed-oils-to-metabolic-d,https://nutreconciencia.com/articulos/commentary-the-energy-model-of-insulin-resistance-a-unifying-theory-linking-seed-oils-to-metabolic-d/,MANUAL_DECISION,commentary-the-energy-model-of-insulin-resistance-a-unifying-theory-linking-seed-oils-to-m,Commentary: The energy model of insulin resistance: a unifying theory linking seed oils to metabolic disease and cancer.,10.3389/fnut.2025.1622160,40837433,False,False,https://nutreconciencia.com/articulos/commentary-the-energy-model-of-insulin-resistance-a-unifying-theory-linking-seed-oils-to-m/,False,True
11,10.3389/fnut.2025.1622160,commentary-the-energy-model-of-insulin-resistance-a-unifying-theory-linking-seed-oils-to-metabolic-d,https://nutreconciencia.com/articulos/commentary-the-energy-model-of-insulin-resistance-a-unifying-theory-linking-seed-oils-to-metabolic-d/,MANUAL_DECISION,commentary-the-energy-model-of-insulin-resistance-a-unifying-theory-linking-seed-oils-to-metabolic-d,Commentary: The energy model of insulin resistance: a unifying theory linking seed oils to metabolic disease and cancer | Miguel López Moreno,10.3389/fnut.2025.1622160,,False,False,https://nutreconciencia.com/articulos/commentary-the-energy-model-of-insulin-resistance-a-unifying-theory-linking-seed-oils-to-metabolic-d/,True,False
12,10.3390/nu17010095,creatine-narrative-review,https://nutreconciencia.com/articulos/creatine-narrative-review/,SITEMAP_CANONICAL,creatine-narrative-review,"Creatine Supplementation Beyond Athletics: Benefits of Different Types of Creatine for Women, Vegans, and Clinical Populations",10.3390/nu17010095,39796530,True,False,https://nutreconciencia.com/articulos/creatine-narrative-review/,True,False
12,10.3390/nu17010095,creatine-narrative-review,https://nutreconciencia.com/articulos/creatine-narrative-review/,SITEMAP_CANONICAL,creatine-supplementation-beyond-athletics-benefits-of-different-types-of-creatine-for-wome,"Creatine Supplementation Beyond Athletics: Benefits of Different Types of Creatine for Women, Vegans, and Clinical Populations—A Narrative Review",10.3390/nu17010095,39796530,False,False,https://nutreconciencia.com/articulos/creatine-supplementation-beyond-athletics-benefits-of-different-types-of-creatine-for-wome/,False,True
12,10.3390/nu17010095,creatine-narrative-review,https://nutreconciencia.com/articulos/creatine-narrative-review/,SITEMAP_CANONICAL,creatine-supplementation-beyond-athletics-benefits-of-different-types-of-creatine-for-women-vegans-a,"Creatine Supplementation Beyond Athletics: Benefits of Different Types of Creatine for Women, Vegans, and Clinical Populations—A Narrative Review | Miguel López Moreno",10.3390/nu17010095,,False,False,https://nutreconciencia.com/articulos/creatine-supplementation-beyond-athletics-benefits-of-different-types-of-creatine-for-women-vegans-a/,False,True
13,10.3389/fnut.2025.1608814,soy-isoflavones-public-health,https://nutreconciencia.com/articulos/soy-isoflavones-public-health/,SITEMAP_CANONICAL,debunking-the-myth-are-soy-isoflavones-truly-a-public-health-concern,Debunking the myth: are soy isoflavones truly a public health concern?,10.3389/fnut.2025.1608814,40735241,False,False,https://nutreconciencia.com/articulos/debunking-the-myth-are-soy-isoflavones-truly-a-public-health-concern/,False,True
13,10.3389/fnut.2025.1608814,soy-isoflavones-public-health,https://nutreconciencia.com/articulos/soy-isoflavones-public-health/,SITEMAP_CANONICAL,soy-isoflavones-public-health,Debunking the myth: are soy isoflavones truly a public health concern?,10.3389/fnut.2025.1608814,40735241,True,False,https://nutreconciencia.com/articulos/soy-isoflavones-public-health/,True,False
14,10.3390/app16157696,determinants-of-adherence-and-their-relationship-with-clinical-response-to-a-vegan-mediterranean-die,https://nutreconciencia.com/articulos/determinants-of-adherence-and-their-relationship-with-clinical-response-to-a-vegan-mediterranean-die/,MANUAL_DECISION,determinants-of-adherence-and-their-relationship-with-clinical-response-to-a-vegan-mediter,Determinants of Adherence and Their Relationship with Clinical Response to a Vegan Mediterranean Diet in Women with Fibromyalgia: A Secondary Analysis of the FIBROVEG Randomized Trial,10.3390/app16157696,,False,False,https://nutreconciencia.com/articulos/determinants-of-adherence-and-their-relationship-with-clinical-response-to-a-vegan-mediter/,False,True
14,10.3390/app16157696,determinants-of-adherence-and-their-relationship-with-clinical-response-to-a-vegan-mediterranean-die,https://nutreconciencia.com/articulos/determinants-of-adherence-and-their-relationship-with-clinical-response-to-a-vegan-mediterranean-die/,MANUAL_DECISION,determinants-of-adherence-and-their-relationship-with-clinical-response-to-a-vegan-mediterranean-die,Determinants of Adherence and Their Relationship with Clinical Response to a Vegan Mediterranean Diet in Women with Fibromyalgia: A Secondary Analysis of the FIBROVEG Randomized Trial | Miguel López Moreno,10.3390/app16157696,,False,False,https://nutreconciencia.com/articulos/determinants-of-adherence-and-their-relationship-with-clinical-response-to-a-vegan-mediterranean-die/,True,False
15,10.1002/mnfr.70096,iron-absorption,https://nutreconciencia.com/articulos/iron-absorption/,SITEMAP_CANONICAL,dietary-adaptation-of-non-heme-iron-absorption-in-vegans-a-controlled-trial,Dietary Adaptation of Non-Heme Iron Absorption in Vegans: A Controlled Trial.,10.1002/mnfr.70096,40320969,False,False,https://nutreconciencia.com/articulos/dietary-adaptation-of-non-heme-iron-absorption-in-vegans-a-controlled-trial/,False,True
15,10.1002/mnfr.70096,iron-absorption,https://nutreconciencia.com/articulos/iron-absorption/,SITEMAP_CANONICAL,dietary-adaptation-of-nonheme-iron-absorption-in-vegans-a-controlled-trial,Dietary Adaptation of Non‐Heme Iron Absorption in Vegans: A Controlled Trial | Miguel López Moreno,10.1002/mnfr.70096,40320969,False,False,https://nutreconciencia.com/articulos/dietary-adaptation-of-nonheme-iron-absorption-in-vegans-a-controlled-trial/,False,True
15,10.1002/mnfr.70096,iron-absorption,https://nutreconciencia.com/articulos/iron-absorption/,SITEMAP_CANONICAL,iron-absorption,Dietary Adaptation of Non-Heme Iron Absorption in Vegans: A Controlled Trial,10.1002/mnfr.70096,40320969,True,False,https://nutreconciencia.com/articulos/iron-absorption/,True,False
16,10.1093/nutrit/nuag135,dietary-interventions-for-metabolic-dysfunctionassociated-steatotic-liver-disease-in-children-networ,https://nutreconciencia.com/articulos/dietary-interventions-for-metabolic-dysfunctionassociated-steatotic-liver-disease-in-children-networ/,NON_NOINDEX_CANONICAL,dietary-interventions-for-metabolic-dysfunctionassociated-steatotic-liver-disease-in-child,Redirigiendo…,10.1093/nutrit/nuag135,,False,True,https://nutreconciencia.com/articulos/dietary-interventions-for-metabolic-dysfunctionassociated-steatotic-liver-disease-in-children-networ/,False,True
16,10.1093/nutrit/nuag135,dietary-interventions-for-metabolic-dysfunctionassociated-steatotic-liver-disease-in-children-networ,https://nutreconciencia.com/articulos/dietary-interventions-for-metabolic-dysfunctionassociated-steatotic-liver-disease-in-children-networ/,NON_NOINDEX_CANONICAL,dietary-interventions-for-metabolic-dysfunctionassociated-steatotic-liver-disease-in-children-networ,Dietary interventions for metabolic dysfunctionassociated steatotic liver disease in children: Network meta-analysis of randomized clinical trials,10.1093/nutrit/nuag135,,False,False,https://nutreconciencia.com/articulos/dietary-interventions-for-metabolic-dysfunctionassociated-steatotic-liver-disease-in-children-networ/,True,False
17,10.1139/apnm-2025-0358,discussion-of-animal-and-plant-protein-usual-intakes-are-not-adversely-associated-with-all-cause-car,https://nutreconciencia.com/articulos/discussion-of-animal-and-plant-protein-usual-intakes-are-not-adversely-associated-with-all-cause-car/,NON_NOINDEX_CANONICAL,discussion-of-animal-and-plant-protein-usual-intakes-are-not-adversely-associated-with-all,Redirigiendo…,10.1139/apnm-2025-0358,,False,True,https://nutreconciencia.com/articulos/discussion-of-animal-and-plant-protein-usual-intakes-are-not-adversely-associated-with-all-cause-car/,False,True
17,10.1139/apnm-2025-0358,discussion-of-animal-and-plant-protein-usual-intakes-are-not-adversely-associated-with-all-cause-car,https://nutreconciencia.com/articulos/discussion-of-animal-and-plant-protein-usual-intakes-are-not-adversely-associated-with-all-cause-car/,NON_NOINDEX_CANONICAL,discussion-of-animal-and-plant-protein-usual-intakes-are-not-adversely-associated-with-all-cause-car,"Discussion of “Animal and plant protein usual intakes are not adversely associated with all-cause, cardiovascular disease-, or cancer-related mortality risk: an NHANES III analysis”",10.1139/apnm-2025-0358,41405021,False,False,https://nutreconciencia.com/articulos/discussion-of-animal-and-plant-protein-usual-intakes-are-not-adversely-associated-with-all-cause-car/,True,False
18,10.1007/s13668-025-00647-y,do-the-health-benefits-of-the-mediterranean-diet-increase-with-a-higher-proportion-of-whole-plant-ba,https://nutreconciencia.com/articulos/do-the-health-benefits-of-the-mediterranean-diet-increase-with-a-higher-proportion-of-whole-plant-ba/,NON_NOINDEX_CANONICAL,do-the-health-benefits-of-the-mediterranean-diet-increase-with-a-higher-proportion-of-whol,Redirigiendo…,10.1007/s13668-025-00647-y,,False,True,https://nutreconciencia.com/articulos/do-the-health-benefits-of-the-mediterranean-diet-increase-with-a-higher-proportion-of-whole-plant-ba/,False,True
18,10.1007/s13668-025-00647-y,do-the-health-benefits-of-the-mediterranean-diet-increase-with-a-higher-proportion-of-whole-plant-ba,https://nutreconciencia.com/articulos/do-the-health-benefits-of-the-mediterranean-diet-increase-with-a-higher-proportion-of-whole-plant-ba/,NON_NOINDEX_CANONICAL,do-the-health-benefits-of-the-mediterranean-diet-increase-with-a-higher-proportion-of-whole-plant-ba,Do the Health Benefits of the Mediterranean Diet Increase with a Higher Proportion of Whole Plant-Based Foods?,10.1007/s13668-025-00647-y,40138066,False,False,https://nutreconciencia.com/articulos/do-the-health-benefits-of-the-mediterranean-diet-increase-with-a-higher-proportion-of-whole-plant-ba/,True,False
19,10.3390/nu15214685,effect-of-nutrition-education-on-health-science-university-students-to-improve-cardiometabolic-profi,https://nutreconciencia.com/articulos/effect-of-nutrition-education-on-health-science-university-students-to-improve-cardiometabolic-profi/,NON_NOINDEX_CANONICAL,effect-of-nutrition-education-on-health-science-university-students-to-improve-cardiometab,Redirigiendo…,10.3390/nu15214685,,False,True,https://nutreconciencia.com/articulos/effect-of-nutrition-education-on-health-science-university-students-to-improve-cardiometabolic-profi/,False,True
19,10.3390/nu15214685,effect-of-nutrition-education-on-health-science-university-students-to-improve-cardiometabolic-profi,https://nutreconciencia.com/articulos/effect-of-nutrition-education-on-health-science-university-students-to-improve-cardiometabolic-profi/,NON_NOINDEX_CANONICAL,effect-of-nutrition-education-on-health-science-university-students-to-improve-cardiometabolic-profi,Effect of Nutrition Education on Health Science University Students to Improve Cardiometabolic Profile and Inflammatory Status,10.3390/nu15214685,37960339,False,False,https://nutreconciencia.com/articulos/effect-of-nutrition-education-on-health-science-university-students-to-improve-cardiometabolic-profi/,True,False
20,10.1016/j.clnu.2025.09.001,red-meat-cardiovascular,https://nutreconciencia.com/articulos/red-meat-cardiovascular/,SITEMAP_CANONICAL,effect-of-red-meat-consumption-on-cardiovascular-risk-factors-a-systematic-review-and-baye,Redirigiendo…,10.1016/j.clnu.2025.09.001,,False,True,https://nutreconciencia.com/articulos/effect-of-red-meat-consumption-on-cardiovascular-risk-factors-a-systematic-review-and-bayesian-netwo/,False,True
20,10.1016/j.clnu.2025.09.001,red-meat-cardiovascular,https://nutreconciencia.com/articulos/red-meat-cardiovascular/,SITEMAP_CANONICAL,effect-of-red-meat-consumption-on-cardiovascular-risk-factors-a-systematic-review-and-bayesian-netwo,Effect of red meat consumption on cardiovascular risk factors: A systematic review and Bayesian network meta-analysis of randomized controlled trials.,10.1016/j.clnu.2025.09.001,40997609,False,False,https://nutreconciencia.com/articulos/effect-of-red-meat-consumption-on-cardiovascular-risk-factors-a-systematic-review-and-bayesian-netwo/,False,True
20,10.1016/j.clnu.2025.09.001,red-meat-cardiovascular,https://nutreconciencia.com/articulos/red-meat-cardiovascular/,SITEMAP_CANONICAL,red-meat-cardiovascular,Effect of red meat consumption on cardiovascular risk factors: A systematic review and Bayesian network meta-analysis of randomized controlled trials,10.1016/j.clnu.2025.09.001,40997609,True,False,https://nutreconciencia.com/articulos/red-meat-cardiovascular/,True,False
21,10.1371/journal.pone.0341215,effectiveness-of-immersive-virtual-reality-and-exercise-on-clinical-clinimetric-and-biomarker-variab,https://nutreconciencia.com/articulos/effectiveness-of-immersive-virtual-reality-and-exercise-on-clinical-clinimetric-and-biomarker-variab/,NON_NOINDEX_CANONICAL,effectiveness-of-immersive-virtual-reality-and-exercise-on-clinical-clinimetric-and-biomar,Redirigiendo…,10.1371/journal.pone.0341215,,False,True,https://nutreconciencia.com/articulos/effectiveness-of-immersive-virtual-reality-and-exercise-on-clinical-clinimetric-and-biomarker-variab/,False,True
21,10.1371/journal.pone.0341215,effectiveness-of-immersive-virtual-reality-and-exercise-on-clinical-clinimetric-and-biomarker-variab,https://nutreconciencia.com/articulos/effectiveness-of-immersive-virtual-reality-and-exercise-on-clinical-clinimetric-and-biomarker-variab/,NON_NOINDEX_CANONICAL,effectiveness-of-immersive-virtual-reality-and-exercise-on-clinical-clinimetric-and-biomarker-variab,"Effectiveness of immersive virtual reality and exercise on clinical, clinimetric and biomarker variables in rotator cuff-related shoulder pain patients: A study protocol for a multicentre randomized clinical trial (IVR- RCRSP-Rehab)",10.1371/journal.pone.0341215,41592018,False,False,https://nutreconciencia.com/articulos/effectiveness-of-immersive-virtual-reality-and-exercise-on-clinical-clinimetric-and-biomarker-variab/,True,False
22,10.1093/nutrit/nuae188,migraine-dietary-interventions,https://nutreconciencia.com/articulos/migraine-dietary-interventions/,SITEMAP_CANONICAL,effects-of-dietary-interventions-in-patients-with-migraine-a-systematic-review,Effects of Dietary Interventions in Patients With Migraine: A Systematic Review.,10.1093/nutrit/nuae188,39749874,False,False,https://nutreconciencia.com/articulos/effects-of-dietary-interventions-in-patients-with-migraine-a-systematic-review/,False,True
22,10.1093/nutrit/nuae188,migraine-dietary-interventions,https://nutreconciencia.com/articulos/migraine-dietary-interventions/,SITEMAP_CANONICAL,migraine-dietary-interventions,Effects of Dietary Interventions in Patients With Migraine: A Systematic Review,10.1093/nutrit/nuae188,39749874,True,False,https://nutreconciencia.com/articulos/migraine-dietary-interventions/,True,False
23,10.1007/s00394-026-03939-3,omniveg-environmental,https://nutreconciencia.com/articulos/omniveg-environmental/,SITEMAP_CANONICAL,environmental-and-economic-impact-of-a-vegan-versus-traditional-mediterranean-diet-omniveg,Environmental and economic impact of a vegan versus traditional mediterranean diet: OMNIVEG study,10.1007/s00394-026-03939-3,41843153,False,False,https://nutreconciencia.com/articulos/environmental-and-economic-impact-of-a-vegan-versus-traditional-mediterranean-diet-omniveg/,False,True
23,10.1007/s00394-026-03939-3,omniveg-environmental,https://nutreconciencia.com/articulos/omniveg-environmental/,SITEMAP_CANONICAL,environmental-and-economic-impact-of-a-vegan-versus-traditional-mediterranean-diet-omniveg-study,Environmental and economic impact of a vegan versus traditional mediterranean diet: OMNIVEG study | Miguel López Moreno,10.1007/s00394-026-03939-3,,False,False,https://nutreconciencia.com/articulos/environmental-and-economic-impact-of-a-vegan-versus-traditional-mediterranean-diet-omniveg-study/,False,True
23,10.1007/s00394-026-03939-3,omniveg-environmental,https://nutreconciencia.com/articulos/omniveg-environmental/,SITEMAP_CANONICAL,omniveg-environmental,Environmental and economic impact of a vegan versus traditional Mediterranean diet: OMNIVEG study,10.1007/s00394-026-03939-3,41843153,True,False,https://nutreconciencia.com/articulos/omniveg-environmental/,True,False
24,10.1016/j.cdnut.2025.106498,examining-the-impact-of-isocaloric-substitution-of-animal-protein-with-plant-protein-all-cause-cardi,https://nutreconciencia.com/articulos/examining-the-impact-of-isocaloric-substitution-of-animal-protein-with-plant-protein-all-cause-cardi/,MANUAL_DECISION,examining-the-impact-of-isocaloric-substitution-of-animal-protein-with-plant-protein-all-c,"Examining the Impact of Isocaloric Substitution of Animal Protein With Plant Protein All-Cause, Cardiovascular, and Cancer Mortality: A Systematic Review and Meta-Analysis",10.1016/j.cdnut.2025.106498,,False,False,https://nutreconciencia.com/articulos/examining-the-impact-of-isocaloric-substitution-of-animal-protein-with-plant-protein-all-c/,False,True
24,10.1016/j.cdnut.2025.106498,examining-the-impact-of-isocaloric-substitution-of-animal-protein-with-plant-protein-all-cause-cardi,https://nutreconciencia.com/articulos/examining-the-impact-of-isocaloric-substitution-of-animal-protein-with-plant-protein-all-cause-cardi/,MANUAL_DECISION,examining-the-impact-of-isocaloric-substitution-of-animal-protein-with-plant-protein-all-cause-cardi,"Examining the Impact of Isocaloric Substitution of Animal Protein With Plant Protein All-Cause, Cardiovascular, and Cancer Mortality: A Systematic Review and Meta-Analysis | Miguel López Moreno",10.1016/j.cdnut.2025.106498,,False,False,https://nutreconciencia.com/articulos/examining-the-impact-of-isocaloric-substitution-of-animal-protein-with-plant-protein-all-cause-cardi/,True,False
25,10.1038/s41598-025-85307-5,feasibility-and-potential-effect-of-a-pilot-blended-digital-behavior-change-intervention-promoting-s,https://nutreconciencia.com/articulos/feasibility-and-potential-effect-of-a-pilot-blended-digital-behavior-change-intervention-promoting-s/,MANUAL_DECISION,feasibility-and-potential-effect-of-a-pilot-blended-digital-behavior-change-intervention-p,Feasibility and potential effect of a pilot blended digital behavior change intervention promoting sustainable diets over a year.,10.1038/s41598-025-85307-5,39814876,False,False,https://nutreconciencia.com/articulos/feasibility-and-potential-effect-of-a-pilot-blended-digital-behavior-change-intervention-p/,False,True
25,10.1038/s41598-025-85307-5,feasibility-and-potential-effect-of-a-pilot-blended-digital-behavior-change-intervention-promoting-s,https://nutreconciencia.com/articulos/feasibility-and-potential-effect-of-a-pilot-blended-digital-behavior-change-intervention-promoting-s/,MANUAL_DECISION,feasibility-and-potential-effect-of-a-pilot-blended-digital-behavior-change-intervention-promoting-s,Feasibility and potential effect of a pilot blended digital behavior change intervention promoting sustainable diets over a year | Miguel López Moreno,10.1038/s41598-025-85307-5,,False,False,https://nutreconciencia.com/articulos/feasibility-and-potential-effect-of-a-pilot-blended-digital-behavior-change-intervention-promoting-s/,True,False
26,10.31219/osf.io/d9pm3,feasibility-of-a-blended-digital-behavior-change-intervention-promoting-sustainable-diets-over-a-yea,https://nutreconciencia.com/articulos/feasibility-of-a-blended-digital-behavior-change-intervention-promoting-sustainable-diets-over-a-yea/,MANUAL_DECISION,feasibility-of-a-blended-digital-behavior-change-intervention-promoting-sustainable-diets-,Feasibility of a blended digital behavior change intervention promoting sustainable diets over a year: a series of pilot N-of-1 trials,10.31219/osf.io/d9pm3,,False,False,https://nutreconciencia.com/articulos/feasibility-of-a-blended-digital-behavior-change-intervention-promoting-sustainable-diets-/,False,True
26,10.31219/osf.io/d9pm3,feasibility-of-a-blended-digital-behavior-change-intervention-promoting-sustainable-diets-over-a-yea,https://nutreconciencia.com/articulos/feasibility-of-a-blended-digital-behavior-change-intervention-promoting-sustainable-diets-over-a-yea/,MANUAL_DECISION,feasibility-of-a-blended-digital-behavior-change-intervention-promoting-sustainable-diets-over-a-yea,Feasibility of a blended digital behavior change intervention promoting sustainable diets over a year: a series of pilot N-of-1 trials | Miguel López Moreno,10.31219/osf.io/d9pm3,,False,False,https://nutreconciencia.com/articulos/feasibility-of-a-blended-digital-behavior-change-intervention-promoting-sustainable-diets-over-a-yea/,True,False
27,10.1016/j.nut.2026.113303,fibroveg,https://nutreconciencia.com/articulos/fibroveg/,SITEMAP_CANONICAL,fibroveg,Vegan versus traditional Mediterranean diet effects on cardiometabolic outcomes in women with fibromyalgia: FIBROVEG study,10.1016/j.nut.2026.113303,42320093,True,False,https://nutreconciencia.com/articulos/fibroveg/,True,False
27,10.1016/j.nut.2026.113303,fibroveg,https://nutreconciencia.com/articulos/fibroveg/,SITEMAP_CANONICAL,vegan-versus-traditional-mediterranean-diet-effects-on-cardiometabolic-outcomes-in-women-w,Vegan versus traditional Mediterranean diet effects on cardiometabolic outcomes in women with fibromyalgia:FIBROVEG study.,10.1016/j.nut.2026.113303,42320093,False,False,https://nutreconciencia.com/articulos/vegan-versus-traditional-mediterranean-diet-effects-on-cardiometabolic-outcomes-in-women-w/,False,True
27,10.1016/j.nut.2026.113303,fibroveg,https://nutreconciencia.com/articulos/fibroveg/,SITEMAP_CANONICAL,vegan-versus-traditional-mediterranean-diet-effects-on-cardiometabolic-outcomes-in-women-with-fibrom,Vegan versus traditional Mediterranean diet effects on cardiometabolic outcomes in women with fibromyalgia:FIBROVEG study | Miguel López Moreno,10.1016/j.nut.2026.113303,42320093,False,False,https://nutreconciencia.com/articulos/vegan-versus-traditional-mediterranean-diet-effects-on-cardiometabolic-outcomes-in-women-with-fibrom/,False,True
28,10.1016/j.lana.2026.101532,food-environment-policies,https://nutreconciencia.com/articulos/food-environment-policies/,SITEMAP_CANONICAL,food-environment-policies,Food-environment policies for child nutrition in Ecuador and Latin America: beyond front-of-package labels and advertising restrictions,10.1016/j.lana.2026.101532,42375986,True,False,https://nutreconciencia.com/articulos/food-environment-policies/,True,False
28,10.1016/j.lana.2026.101532,food-environment-policies,https://nutreconciencia.com/articulos/food-environment-policies/,SITEMAP_CANONICAL,food-environment-policies-for-child-nutrition-in-ecuador-and-latin-america-beyond-front-of,Redirigiendo…,10.1016/j.lana.2026.101532,,False,True,https://nutreconciencia.com/articulos/food-environment-policies-for-child-nutrition-in-ecuador-and-latin-america-beyond-front-of-package-l/,False,True
28,10.1016/j.lana.2026.101532,food-environment-policies,https://nutreconciencia.com/articulos/food-environment-policies/,SITEMAP_CANONICAL,food-environment-policies-for-child-nutrition-in-ecuador-and-latin-america-beyond-front-of-package-l,Food-environment policies for child nutrition in Ecuador and Latin America: beyond front-of-package labels and advertising restrictions,10.1016/j.lana.2026.101532,42375986,False,False,https://nutreconciencia.com/articulos/food-environment-policies-for-child-nutrition-in-ecuador-and-latin-america-beyond-front-of-package-l/,False,True
29,10.3389/fnut.2025.1527685,food-insecurity-adolescents,https://nutreconciencia.com/articulos/food-insecurity-adolescents/,SITEMAP_CANONICAL,food-insecurity-adolescents,Proportion of food insecurity and its sociodemographic correlates among Spanish adolescents: the EHDLA study,10.3389/fnut.2025.1527685,40230716,True,False,https://nutreconciencia.com/articulos/food-insecurity-adolescents/,True,False
29,10.3389/fnut.2025.1527685,food-insecurity-adolescents,https://nutreconciencia.com/articulos/food-insecurity-adolescents/,SITEMAP_CANONICAL,proportion-of-food-insecurity-and-its-sociodemographic-correlates-among-spanish-adolescent,Redirigiendo…,10.3389/fnut.2025.1527685,,False,True,https://nutreconciencia.com/articulos/proportion-of-food-insecurity-and-its-sociodemographic-correlates-among-spanish-adolescents-the-ehdl/,False,True
29,10.3389/fnut.2025.1527685,food-insecurity-adolescents,https://nutreconciencia.com/articulos/food-insecurity-adolescents/,SITEMAP_CANONICAL,proportion-of-food-insecurity-and-its-sociodemographic-correlates-among-spanish-adolescents-the-ehdl,Proportion of food insecurity and its sociodemographic correlates among Spanish adolescents: the EHDLA study,10.3389/fnut.2025.1527685,40230716,False,False,https://nutreconciencia.com/articulos/proportion-of-food-insecurity-and-its-sociodemographic-correlates-among-spanish-adolescents-the-ehdl/,False,True
30,10.1371/journal.pone.0351122,higher-dietary-polyphenol-intake-is-associated-with-reduced-pain-sensitivity-and-migraine-related-di,https://nutreconciencia.com/articulos/higher-dietary-polyphenol-intake-is-associated-with-reduced-pain-sensitivity-and-migraine-related-di/,MANUAL_DECISION,higher-dietary-polyphenol-intake-is-associated-with-reduced-pain-sensitivity-and-migraine-,Higher dietary polyphenol intake is associated with reduced pain sensitivity and migraine-related disability: A cross-sectional analysis.,10.1371/journal.pone.0351122,42258458,False,False,https://nutreconciencia.com/articulos/higher-dietary-polyphenol-intake-is-associated-with-reduced-pain-sensitivity-and-migraine-/,False,True
30,10.1371/journal.pone.0351122,higher-dietary-polyphenol-intake-is-associated-with-reduced-pain-sensitivity-and-migraine-related-di,https://nutreconciencia.com/articulos/higher-dietary-polyphenol-intake-is-associated-with-reduced-pain-sensitivity-and-migraine-related-di/,MANUAL_DECISION,higher-dietary-polyphenol-intake-is-associated-with-reduced-pain-sensitivity-and-migraine-related-di,Higher dietary polyphenol intake is associated with reduced pain sensitivity and migraine-related disability: A cross-sectional analysis | Miguel López Moreno,10.1371/journal.pone.0351122,,False,False,https://nutreconciencia.com/articulos/higher-dietary-polyphenol-intake-is-associated-with-reduced-pain-sensitivity-and-migraine-related-di/,True,False
31,10.1016/j.ajcnut.2025.02.030,industry-study-sponsorship-and-conflicts-of-interest-on-the-effect-of-unprocessed-red-meat-on-cardio,https://nutreconciencia.com/articulos/industry-study-sponsorship-and-conflicts-of-interest-on-the-effect-of-unprocessed-red-meat-on-cardio/,NON_NOINDEX_CANONICAL,industry-study-sponsorship-and-conflicts-of-interest-on-the-effect-of-unprocessed-red-meat,Redirigiendo…,10.1016/j.ajcnut.2025.02.030,,False,True,https://nutreconciencia.com/articulos/industry-study-sponsorship-and-conflicts-of-interest-on-the-effect-of-unprocessed-red-meat-on-cardio/,False,True
31,10.1016/j.ajcnut.2025.02.030,industry-study-sponsorship-and-conflicts-of-interest-on-the-effect-of-unprocessed-red-meat-on-cardio,https://nutreconciencia.com/articulos/industry-study-sponsorship-and-conflicts-of-interest-on-the-effect-of-unprocessed-red-meat-on-cardio/,NON_NOINDEX_CANONICAL,industry-study-sponsorship-and-conflicts-of-interest-on-the-effect-of-unprocessed-red-meat-on-cardio,Industry study sponsorship and conflicts of interest on the effect of unprocessed red meat on cardiovascular disease risk: a systematic review of clinical trials.,10.1016/j.ajcnut.2025.02.030,40379522,False,False,https://nutreconciencia.com/articulos/industry-study-sponsorship-and-conflicts-of-interest-on-the-effect-of-unprocessed-red-meat-on-cardio/,True,False
32,10.1016/j.heliyon.2021.e07186,influence-of-eating-habits-and-alcohol-consumption-on-the-academic-performance-among-a-university-po,https://nutreconciencia.com/articulos/influence-of-eating-habits-and-alcohol-consumption-on-the-academic-performance-among-a-university-po/,MANUAL_DECISION,influence-of-eating-habits-and-alcohol-consumption-on-the-academic-performance-among-a-uni,Influence of eating habits and alcohol consumption on the academic performance among a university population in the community of Madrid: A pilot study,10.1016/j.heliyon.2021.e07186,34169161,False,False,https://nutreconciencia.com/articulos/influence-of-eating-habits-and-alcohol-consumption-on-the-academic-performance-among-a-uni/,False,True
32,10.1016/j.heliyon.2021.e07186,influence-of-eating-habits-and-alcohol-consumption-on-the-academic-performance-among-a-university-po,https://nutreconciencia.com/articulos/influence-of-eating-habits-and-alcohol-consumption-on-the-academic-performance-among-a-university-po/,MANUAL_DECISION,influence-of-eating-habits-and-alcohol-consumption-on-the-academic-performance-among-a-university-po,Influence of eating habits and alcohol consumption on the academic performance among a university population in the community of Madrid: A pilot study | Miguel López Moreno,10.1016/j.heliyon.2021.e07186,,False,False,https://nutreconciencia.com/articulos/influence-of-eating-habits-and-alcohol-consumption-on-the-academic-performance-among-a-university-po/,True,False
33,10.1007/s00431-025-06298-z,is-greater-adherence-to-the-mediterranean-diet-related-to-higher-health-related-quality-of-life-amon,https://nutreconciencia.com/articulos/is-greater-adherence-to-the-mediterranean-diet-related-to-higher-health-related-quality-of-life-amon/,MANUAL_DECISION,is-greater-adherence-to-the-mediterranean-diet-related-to-higher-health-related-quality-of,Is greater adherence to the Mediterranean diet related to higher health-related quality of life among children and adolescents? A systematic review and meta-analysis,10.1007/s00431-025-06298-z,40705083,False,False,https://nutreconciencia.com/articulos/is-greater-adherence-to-the-mediterranean-diet-related-to-higher-health-related-quality-of/,False,True
33,10.1007/s00431-025-06298-z,is-greater-adherence-to-the-mediterranean-diet-related-to-higher-health-related-quality-of-life-amon,https://nutreconciencia.com/articulos/is-greater-adherence-to-the-mediterranean-diet-related-to-higher-health-related-quality-of-life-amon/,MANUAL_DECISION,is-greater-adherence-to-the-mediterranean-diet-related-to-higher-health-related-quality-of-life-amon,Is greater adherence to the Mediterranean diet related to higher health-related quality of life among children and adolescents? A systematic review and meta-analysis | Miguel López Moreno,10.1007/s00431-025-06298-z,40705083,False,False,https://nutreconciencia.com/articulos/is-greater-adherence-to-the-mediterranean-diet-related-to-higher-health-related-quality-of-life-amon/,True,False
34,10.1016/j.clnu.2026.106655,is-this-food-healthy,https://nutreconciencia.com/articulos/is-this-food-healthy/,SITEMAP_CANONICAL,is-this-food-healthy,Is this food healthy? Reframing nutrition evidence through counterfactual comparisons,10.1016/j.clnu.2026.106655,41980292,True,False,https://nutreconciencia.com/articulos/is-this-food-healthy/,True,False
34,10.1016/j.clnu.2026.106655,is-this-food-healthy,https://nutreconciencia.com/articulos/is-this-food-healthy/,SITEMAP_CANONICAL,is-this-food-healthy-reframing-nutrition-evidence-through-counterfactual-comparisons,Is this food healthy? Reframing nutrition evidence through counterfactual comparisons.,10.1016/j.clnu.2026.106655,41980292,False,False,https://nutreconciencia.com/articulos/is-this-food-healthy-reframing-nutrition-evidence-through-counterfactual-comparisons/,False,True
35,10.1016/j.clnu.2026.106654,plant-protein-mortality,https://nutreconciencia.com/articulos/plant-protein-mortality/,SITEMAP_CANONICAL,isocaloric-substitution-of-animal-protein-with-plant-protein-and-its-impact-on-all-cause-c,Redirigiendo…,10.1016/j.clnu.2026.106654,,False,True,https://nutreconciencia.com/articulos/isocaloric-substitution-of-animal-protein-with-plant-protein-and-its-impact-on-all-cause-cardiovascu/,False,True
35,10.1016/j.clnu.2026.106654,plant-protein-mortality,https://nutreconciencia.com/articulos/plant-protein-mortality/,SITEMAP_CANONICAL,isocaloric-substitution-of-animal-protein-with-plant-protein-and-its-impact-on-all-cause-cardiovascu,"Isocaloric substitution of animal protein with plant protein and its impact on all-cause, cardiovascular, and cancer mortality: A systematic review and meta-analysis",10.1016/j.clnu.2026.106654,41996864,False,False,https://nutreconciencia.com/articulos/isocaloric-substitution-of-animal-protein-with-plant-protein-and-its-impact-on-all-cause-cardiovascu/,False,True
35,10.1016/j.clnu.2026.106654,plant-protein-mortality,https://nutreconciencia.com/articulos/plant-protein-mortality/,SITEMAP_CANONICAL,plant-protein-mortality,"Isocaloric substitution of animal protein with plant protein and its impact on all-cause, cardiovascular, and cancer mortality: A systematic review and meta-analysis",10.1016/j.clnu.2026.106654,41996864,True,False,https://nutreconciencia.com/articulos/plant-protein-mortality/,True,False
36,10.1371/journal.pdig.0001113,longitudinal-changes-in-motivational-determinants-of-sustainable-diets-during-a-pilot-blended-digita,https://nutreconciencia.com/articulos/longitudinal-changes-in-motivational-determinants-of-sustainable-diets-during-a-pilot-blended-digita/,MANUAL_DECISION,longitudinal-changes-in-motivational-determinants-of-sustainable-diets-during-a-pilot-blen,Longitudinal changes in motivational determinants of sustainable diets during a pilot blended digital behavior change intervention: A mixed methods study.,10.1371/journal.pdig.0001113,42189924,False,False,https://nutreconciencia.com/articulos/longitudinal-changes-in-motivational-determinants-of-sustainable-diets-during-a-pilot-blen/,False,True
36,10.1371/journal.pdig.0001113,longitudinal-changes-in-motivational-determinants-of-sustainable-diets-during-a-pilot-blended-digita,https://nutreconciencia.com/articulos/longitudinal-changes-in-motivational-determinants-of-sustainable-diets-during-a-pilot-blended-digita/,MANUAL_DECISION,longitudinal-changes-in-motivational-determinants-of-sustainable-diets-during-a-pilot-blended-digita,Longitudinal changes in motivational determinants of sustainable diets during a pilot blended digital behavior change intervention: A mixed methods study | Miguel López Moreno,10.1371/journal.pdig.0001113,42189924,False,False,https://nutreconciencia.com/articulos/longitudinal-changes-in-motivational-determinants-of-sustainable-diets-during-a-pilot-blended-digita/,True,False
37,10.1093/nutrit/nuae203,palmitoylethanolamide-meta-analysis,https://nutreconciencia.com/articulos/palmitoylethanolamide-meta-analysis/,SITEMAP_CANONICAL,meta-analysis-of-palmitoylethanolamide-in-pain-management-addressing-literature-gaps-and-e,Meta-Analysis of Palmitoylethanolamide in Pain Management: Addressing Literature Gaps and Enhancing Understanding,10.1093/nutrit/nuae203,39798151,False,False,https://nutreconciencia.com/articulos/meta-analysis-of-palmitoylethanolamide-in-pain-management-addressing-literature-gaps-and-e/,False,True
37,10.1093/nutrit/nuae203,palmitoylethanolamide-meta-analysis,https://nutreconciencia.com/articulos/palmitoylethanolamide-meta-analysis/,SITEMAP_CANONICAL,meta-analysis-of-palmitoylethanolamide-in-pain-management-addressing-literature-gaps-and-enhancing-u,Meta-Analysis of Palmitoylethanolamide in Pain Management: Addressing Literature Gaps and Enhancing Understanding | Miguel López Moreno,10.1093/nutrit/nuae203,,False,False,https://nutreconciencia.com/articulos/meta-analysis-of-palmitoylethanolamide-in-pain-management-addressing-literature-gaps-and-enhancing-u/,False,True
37,10.1093/nutrit/nuae203,palmitoylethanolamide-meta-analysis,https://nutreconciencia.com/articulos/palmitoylethanolamide-meta-analysis/,SITEMAP_CANONICAL,palmitoylethanolamide-meta-analysis,Meta-Analysis of Palmitoylethanolamide in Pain Management: Addressing Literature Gaps and Enhancing Understanding,10.1093/nutrit/nuae203,39798151,True,False,https://nutreconciencia.com/articulos/palmitoylethanolamide-meta-analysis/,True,False
38,10.1016/j.numecd.2024.08.008,omniveg,https://nutreconciencia.com/articulos/omniveg/,SITEMAP_CANONICAL,omniveg,The OMNIVEG STUDY: Health outcomes of shifting from a traditional to a vegan Mediterranean diet in healthy men. A controlled crossover trial,10.1016/j.numecd.2024.08.008,39358106,True,False,https://nutreconciencia.com/articulos/omniveg/,True,False
38,10.1016/j.numecd.2024.08.008,omniveg,https://nutreconciencia.com/articulos/omniveg/,SITEMAP_CANONICAL,the-omniveg-study-health-outcomes-of-shifting-from-a-traditional-to-a-vegan-mediterranean-,Redirigiendo…,10.1016/j.numecd.2024.08.008,,False,True,https://nutreconciencia.com/articulos/the-omniveg-study-health-outcomes-of-shifting-from-a-traditional-to-a-vegan-mediterranean-diet-in-he/,False,True
38,10.1016/j.numecd.2024.08.008,omniveg,https://nutreconciencia.com/articulos/omniveg/,SITEMAP_CANONICAL,the-omniveg-study-health-outcomes-of-shifting-from-a-traditional-to-a-vegan-mediterranean-diet-in-he,The OMNIVEG STUDY: Health outcomes of shifting from a traditional to a vegan Mediterranean diet in healthy men. A controlled crossover trial.,10.1016/j.numecd.2024.08.008,39358106,False,False,https://nutreconciencia.com/articulos/the-omniveg-study-health-outcomes-of-shifting-from-a-traditional-to-a-vegan-mediterranean-diet-in-he/,False,True
39,10.3390/nu17142274,omniveg-fat-oxidation,https://nutreconciencia.com/articulos/omniveg-fat-oxidation/,SITEMAP_CANONICAL,omniveg-fat-oxidation,The OMNIVEG Study: Effects of Transitioning from a Traditional to a Vegan Mediterranean Diet on Fat Oxidation During Exercise,10.3390/nu17142274,40732902,True,False,https://nutreconciencia.com/articulos/omniveg-fat-oxidation/,True,False
39,10.3390/nu17142274,omniveg-fat-oxidation,https://nutreconciencia.com/articulos/omniveg-fat-oxidation/,SITEMAP_CANONICAL,the-omniveg-study-effects-of-transitioning-from-a-traditional-to-a-vegan-mediterranean-die,The OMNIVEG Study: Effects of Transitioning from a Traditional to a Vegan Mediterranean Diet on Fat Oxidation During Exercise.,10.3390/nu17142274,40732902,False,False,https://nutreconciencia.com/articulos/the-omniveg-study-effects-of-transitioning-from-a-traditional-to-a-vegan-mediterranean-die/,False,True
39,10.3390/nu17142274,omniveg-fat-oxidation,https://nutreconciencia.com/articulos/omniveg-fat-oxidation/,SITEMAP_CANONICAL,the-omniveg-study-effects-of-transitioning-from-a-traditional-to-a-vegan-mediterranean-diet-on-fat-o,The OMNIVEG Study: Effects of Transitioning from a Traditional to a Vegan Mediterranean Diet on Fat Oxidation During Exercise | Miguel López Moreno,10.3390/nu17142274,40732902,False,False,https://nutreconciencia.com/articulos/the-omniveg-study-effects-of-transitioning-from-a-traditional-to-a-vegan-mediterranean-diet-on-fat-o/,False,True
40,10.3390/ph19060897,optimizing-weight-loss-in-the-glp-1-era-preserving-muscle-mass-function-and-metabolic-health-through,https://nutreconciencia.com/articulos/optimizing-weight-loss-in-the-glp-1-era-preserving-muscle-mass-function-and-metabolic-health-through/,NON_NOINDEX_CANONICAL,optimizing-weight-loss-in-the-glp-1-era-preserving-muscle-mass-function-and-metabolic-heal,Redirigiendo…,10.3390/ph19060897,,False,True,https://nutreconciencia.com/articulos/optimizing-weight-loss-in-the-glp-1-era-preserving-muscle-mass-function-and-metabolic-health-through/,False,True
40,10.3390/ph19060897,optimizing-weight-loss-in-the-glp-1-era-preserving-muscle-mass-function-and-metabolic-health-through,https://nutreconciencia.com/articulos/optimizing-weight-loss-in-the-glp-1-era-preserving-muscle-mass-function-and-metabolic-health-through/,NON_NOINDEX_CANONICAL,optimizing-weight-loss-in-the-glp-1-era-preserving-muscle-mass-function-and-metabolic-health-through,"Optimizing Weight Loss in the GLP-1 Era: Preserving Muscle Mass, Function and Metabolic Health Through Precision Nutrition and Resistance Training.",10.3390/ph19060897,42356514,False,False,https://nutreconciencia.com/articulos/optimizing-weight-loss-in-the-glp-1-era-preserving-muscle-mass-function-and-metabolic-health-through/,True,False
41,10.3390/nu17040629,orthorexia-nervosa-prevalence-among-spanish-university-students-and-its-effects-on-cardiometabolic-h,https://nutreconciencia.com/articulos/orthorexia-nervosa-prevalence-among-spanish-university-students-and-its-effects-on-cardiometabolic-h/,MANUAL_DECISION,orthorexia-nervosa-prevalence-among-spanish-university-students-and-its-effects-on-cardiom,Orthorexia Nervosa: Prevalence Among Spanish University Students and Its Effects on Cardiometabolic Health.,10.3390/nu17040629,40004958,False,False,https://nutreconciencia.com/articulos/orthorexia-nervosa-prevalence-among-spanish-university-students-and-its-effects-on-cardiom/,False,True
41,10.3390/nu17040629,orthorexia-nervosa-prevalence-among-spanish-university-students-and-its-effects-on-cardiometabolic-h,https://nutreconciencia.com/articulos/orthorexia-nervosa-prevalence-among-spanish-university-students-and-its-effects-on-cardiometabolic-h/,MANUAL_DECISION,orthorexia-nervosa-prevalence-among-spanish-university-students-and-its-effects-on-cardiometabolic-h,Orthorexia Nervosa: Prevalence Among Spanish University Students and Its Effects on Cardiometabolic Health | Miguel López Moreno,10.3390/nu17040629,,False,False,https://nutreconciencia.com/articulos/orthorexia-nervosa-prevalence-among-spanish-university-students-and-its-effects-on-cardiometabolic-h/,True,False
42,10.20944/preprints202010.0325.v1,physical-and-psychological-effects-related-to-food-habits-and-lifestyle-changes-derived-from-covid-1,https://nutreconciencia.com/articulos/physical-and-psychological-effects-related-to-food-habits-and-lifestyle-changes-derived-from-covid-1/,MANUAL_DECISION,physical-and-psychological-effects-related-to-food-habits-and-lifestyle-changes-derived-fr,Physical and psychological effects related to food habits and lifestyle changes derived from Covid-19 home confinement Spanish population.,10.20944/preprints202010.0325.v1,,False,False,https://nutreconciencia.com/articulos/physical-and-psychological-effects-related-to-food-habits-and-lifestyle-changes-derived-fr/,False,True
42,10.20944/preprints202010.0325.v1,physical-and-psychological-effects-related-to-food-habits-and-lifestyle-changes-derived-from-covid-1,https://nutreconciencia.com/articulos/physical-and-psychological-effects-related-to-food-habits-and-lifestyle-changes-derived-from-covid-1/,MANUAL_DECISION,physical-and-psychological-effects-related-to-food-habits-and-lifestyle-changes-derived-from-covid-1,Physical and psychological effects related to food habits and lifestyle changes derived from Covid-19 home confinement Spanish population. | Miguel López Moreno,10.20944/preprints202010.0325.v1,,False,False,https://nutreconciencia.com/articulos/physical-and-psychological-effects-related-to-food-habits-and-lifestyle-changes-derived-from-covid-1/,True,False
43,10.1007/s13668-025-00671-y,plant-iron-review,https://nutreconciencia.com/articulos/plant-iron-review/,SITEMAP_CANONICAL,plant-based-diet-and-risk-of-iron-deficiency-anemia-a-review-of-the-current-evidence-and-i,Redirigiendo…,10.1007/s13668-025-00671-y,,False,True,https://nutreconciencia.com/articulos/plant-based-diet-and-risk-of-iron-deficiency-anemia-a-review-of-the-current-evidence-and-implication/,False,True
43,10.1007/s13668-025-00671-y,plant-iron-review,https://nutreconciencia.com/articulos/plant-iron-review/,SITEMAP_CANONICAL,plant-based-diet-and-risk-of-iron-deficiency-anemia-a-review-of-the-current-evidence-and-implication,Plant-Based Diet and Risk of Iron-deficiency Anemia. A Review of the Current Evidence and Implications for Preventive Strategies.,10.1007/s13668-025-00671-y,40528105,False,False,https://nutreconciencia.com/articulos/plant-based-diet-and-risk-of-iron-deficiency-anemia-a-review-of-the-current-evidence-and-implication/,False,True
43,10.1007/s13668-025-00671-y,plant-iron-review,https://nutreconciencia.com/articulos/plant-iron-review/,SITEMAP_CANONICAL,plant-iron-review,Plant-Based Diet and Risk of Iron-deficiency Anemia. A Review of the Current Evidence and Implications for Preventive Strategies,10.1007/s13668-025-00671-y,40528105,True,False,https://nutreconciencia.com/articulos/plant-iron-review/,True,False
44,10.1016/j.ajcnut.2024.12.002,plant-based-meat-cardiometabolic,https://nutreconciencia.com/articulos/plant-based-meat-cardiometabolic/,SITEMAP_CANONICAL,plant-based-meat-alternatives-and-cardiometabolic-health-a-systematic-review-and-meta-anal,Redirigiendo…,10.1016/j.ajcnut.2024.12.002,,False,True,https://nutreconciencia.com/articulos/plant-based-meat-alternatives-and-cardiometabolic-health-a-systematic-review-and-meta-analysis/,False,True
44,10.1016/j.ajcnut.2024.12.002,plant-based-meat-cardiometabolic,https://nutreconciencia.com/articulos/plant-based-meat-cardiometabolic/,SITEMAP_CANONICAL,plant-based-meat-alternatives-and-cardiometabolic-health-a-systematic-review-and-meta-analysis,Plant-based meat alternatives and cardiometabolic health: a systematic review and meta-analysis,10.1016/j.ajcnut.2024.12.002,39653176,False,False,https://nutreconciencia.com/articulos/plant-based-meat-alternatives-and-cardiometabolic-health-a-systematic-review-and-meta-analysis/,False,True
44,10.1016/j.ajcnut.2024.12.002,plant-based-meat-cardiometabolic,https://nutreconciencia.com/articulos/plant-based-meat-cardiometabolic/,SITEMAP_CANONICAL,plant-based-meat-cardiometabolic,Plant-based meat alternatives and cardiometabolic health: a systematic review and meta-analysis,10.1016/j.ajcnut.2024.12.002,39653176,True,False,https://nutreconciencia.com/articulos/plant-based-meat-cardiometabolic/,True,False
45,10.1016/j.lanplh.2026.101502,plant-based-misinformation,https://nutreconciencia.com/articulos/plant-based-misinformation/,SITEMAP_CANONICAL,plant-based-misinformation,Plant-based misinformation as a barrier to dietary transition,10.1016/j.lanplh.2026.101502,42480578,True,False,https://nutreconciencia.com/articulos/plant-based-misinformation/,True,False
45,10.1016/j.lanplh.2026.101502,plant-based-misinformation,https://nutreconciencia.com/articulos/plant-based-misinformation/,SITEMAP_CANONICAL,plant-based-misinformation-as-a-barrier-to-dietary-transition,Plant-based misinformation as a barrier to dietary transition.,10.1016/j.lanplh.2026.101502,42480578,False,False,https://nutreconciencia.com/articulos/plant-based-misinformation-as-a-barrier-to-dietary-transition/,False,True
46,10.1007/s13668-025-00628-1,plant-protein-muscle,https://nutreconciencia.com/articulos/plant-protein-muscle/,SITEMAP_CANONICAL,plant-protein-muscle,The Impact of Plant-Based Proteins on Muscle Mass and Strength Performance: A Comprehensive Review,10.1007/s13668-025-00628-1,39982647,True,False,https://nutreconciencia.com/articulos/plant-protein-muscle/,True,False
46,10.1007/s13668-025-00628-1,plant-protein-muscle,https://nutreconciencia.com/articulos/plant-protein-muscle/,SITEMAP_CANONICAL,the-impact-of-plant-based-proteins-on-muscle-mass-and-strength-performance-a-comprehensive,Redirigiendo…,10.1007/s13668-025-00628-1,,False,True,https://nutreconciencia.com/articulos/the-impact-of-plant-based-proteins-on-muscle-mass-and-strength-performance-a-comprehensive-review/,False,True
46,10.1007/s13668-025-00628-1,plant-protein-muscle,https://nutreconciencia.com/articulos/plant-protein-muscle/,SITEMAP_CANONICAL,the-impact-of-plant-based-proteins-on-muscle-mass-and-strength-performance-a-comprehensive-review,The Impact of Plant-Based Proteins on Muscle Mass and Strength Performance: A Comprehensive Review,10.1007/s13668-025-00628-1,39982647,False,False,https://nutreconciencia.com/articulos/the-impact-of-plant-based-proteins-on-muscle-mass-and-strength-performance-a-comprehensive-review/,False,True
47,10.1007/s13668-026-00754-4,protein-paradox-protein-quality-based-on-amino-acids-composition-is-poorly-associated-with-health-ou,https://nutreconciencia.com/articulos/protein-paradox-protein-quality-based-on-amino-acids-composition-is-poorly-associated-with-health-ou/,MANUAL_DECISION,protein-paradox-protein-quality-based-on-amino-acids-composition-is-poorly-associated-with,Protein Paradox: Protein Quality Based on Amino Acids Composition is Poorly Associated with Health Outcomes.,10.1007/s13668-026-00754-4,42012753,False,False,https://nutreconciencia.com/articulos/protein-paradox-protein-quality-based-on-amino-acids-composition-is-poorly-associated-with/,False,True
47,10.1007/s13668-026-00754-4,protein-paradox-protein-quality-based-on-amino-acids-composition-is-poorly-associated-with-health-ou,https://nutreconciencia.com/articulos/protein-paradox-protein-quality-based-on-amino-acids-composition-is-poorly-associated-with-health-ou/,MANUAL_DECISION,protein-paradox-protein-quality-based-on-amino-acids-composition-is-poorly-associated-with-health-ou,Protein Paradox: Protein Quality Based on Amino Acids Composition is Poorly Associated with Health Outcomes | Miguel López Moreno,10.1007/s13668-026-00754-4,42012753,False,False,https://nutreconciencia.com/articulos/protein-paradox-protein-quality-based-on-amino-acids-composition-is-poorly-associated-with-health-ou/,True,False
48,10.3390/antiox12061291,red-quinoa-hypertensive-rats,https://nutreconciencia.com/articulos/red-quinoa-hypertensive-rats/,SITEMAP_CANONICAL,red-quinoa-hydrolysates-with-antioxidant-properties-improve-cardiovascular-health-in-spont,Redirigiendo…,10.3390/antiox12061291,,False,True,https://nutreconciencia.com/articulos/red-quinoa-hydrolysates-with-antioxidant-properties-improve-cardiovascular-health-in-spontaneously-h/,False,True
48,10.3390/antiox12061291,red-quinoa-hypertensive-rats,https://nutreconciencia.com/articulos/red-quinoa-hypertensive-rats/,SITEMAP_CANONICAL,red-quinoa-hydrolysates-with-antioxidant-properties-improve-cardiovascular-health-in-spontaneously-h,Red Quinoa Hydrolysates with Antioxidant Properties Improve Cardiovascular Health in Spontaneously Hypertensive Rats.,10.3390/antiox12061291,37372021,False,False,https://nutreconciencia.com/articulos/red-quinoa-hydrolysates-with-antioxidant-properties-improve-cardiovascular-health-in-spontaneously-h/,False,True
48,10.3390/antiox12061291,red-quinoa-hypertensive-rats,https://nutreconciencia.com/articulos/red-quinoa-hypertensive-rats/,SITEMAP_CANONICAL,red-quinoa-hypertensive-rats,Red Quinoa Hydrolysates with Antioxidant Properties Improve Cardiovascular Health in Spontaneously Hypertensive Rats,10.3390/antiox12061291,37372021,True,False,https://nutreconciencia.com/articulos/red-quinoa-hypertensive-rats/,True,False
49,10.3390/md24070229,salicornia-europaea-l-as-a-marine-bioactive-resource-phytochemical-profile-health-mechanisms-and-fun,https://nutreconciencia.com/articulos/salicornia-europaea-l-as-a-marine-bioactive-resource-phytochemical-profile-health-mechanisms-and-fun/,NON_NOINDEX_CANONICAL,salicornia-europaea-l-as-a-marine-bioactive-resource-phytochemical-profile-health-mechanis,Redirigiendo…,10.3390/md24070229,,False,True,https://nutreconciencia.com/articulos/salicornia-europaea-l-as-a-marine-bioactive-resource-phytochemical-profile-health-mechanisms-and-fun/,False,True
49,10.3390/md24070229,salicornia-europaea-l-as-a-marine-bioactive-resource-phytochemical-profile-health-mechanisms-and-fun,https://nutreconciencia.com/articulos/salicornia-europaea-l-as-a-marine-bioactive-resource-phytochemical-profile-health-mechanisms-and-fun/,NON_NOINDEX_CANONICAL,salicornia-europaea-l-as-a-marine-bioactive-resource-phytochemical-profile-health-mechanisms-and-fun,"Salicornia europaea L. as a Marine Bioactive Resource: Phytochemical Profile, Health Mechanisms, and Functional Applications in Precision Nutrition",10.3390/md24070229,42505969,False,False,https://nutreconciencia.com/articulos/salicornia-europaea-l-as-a-marine-bioactive-resource-phytochemical-profile-health-mechanisms-and-fun/,True,False
50,10.1007/s13668-025-00704-6,ultra-processed-plant-foods,https://nutreconciencia.com/articulos/ultra-processed-plant-foods/,SITEMAP_CANONICAL,ultra-processed-plant-foods,Ultra-processed Plant Foods: Are They Worse than their Unprocessed Animal-Based Counterparts?,10.1007/s13668-025-00704-6,41129036,True,False,https://nutreconciencia.com/articulos/ultra-processed-plant-foods/,True,False
50,10.1007/s13668-025-00704-6,ultra-processed-plant-foods,https://nutreconciencia.com/articulos/ultra-processed-plant-foods/,SITEMAP_CANONICAL,ultra-processed-plant-foods-are-they-worse-than-their-unprocessed-animal-based-counterpart,Ultra-processed Plant Foods: Are They Worse than their Unprocessed Animal-Based Counterparts?,10.1007/s13668-025-00704-6,41129036,False,False,https://nutreconciencia.com/articulos/ultra-processed-plant-foods-are-they-worse-than-their-unprocessed-animal-based-counterpart/,False,True
50,10.1007/s13668-025-00704-6,ultra-processed-plant-foods,https://nutreconciencia.com/articulos/ultra-processed-plant-foods/,SITEMAP_CANONICAL,ultra-processed-plant-foods-are-they-worse-than-their-unprocessed-animal-based-counterparts,Ultra-processed Plant Foods: Are They Worse than their Unprocessed Animal-Based Counterparts? | Miguel López Moreno,10.1007/s13668-025-00704-6,,False,False,https://nutreconciencia.com/articulos/ultra-processed-plant-foods-are-they-worse-than-their-unprocessed-animal-based-counterparts/,False,True
51,10.3390/nu16203492,validation-of-the-modified-yale-food-addiction-scale-20-myfas-20-in-spanish-university-students,https://nutreconciencia.com/articulos/validation-of-the-modified-yale-food-addiction-scale-20-myfas-20-in-spanish-university-students/,MANUAL_DECISION,validation-of-the-modified-yale-food-addiction-scale-2-0-myfas-2-0-in-spanish-university-s,Validation of the Modified Yale Food Addiction Scale 2.0 (mYFAS 2.0) in Spanish University Students,10.3390/nu16203492,39458488,False,False,https://nutreconciencia.com/articulos/validation-of-the-modified-yale-food-addiction-scale-2-0-myfas-2-0-in-spanish-university-s/,False,True
51,10.3390/nu16203492,validation-of-the-modified-yale-food-addiction-scale-20-myfas-20-in-spanish-university-students,https://nutreconciencia.com/articulos/validation-of-the-modified-yale-food-addiction-scale-20-myfas-20-in-spanish-university-students/,MANUAL_DECISION,validation-of-the-modified-yale-food-addiction-scale-20-myfas-20-in-spanish-university-students,Validation of the Modified Yale Food Addiction Scale 2.0 (mYFAS 2.0) in Spanish University Students | Miguel López Moreno,10.3390/nu16203492,39458488,False,False,https://nutreconciencia.com/articulos/validation-of-the-modified-yale-food-addiction-scale-20-myfas-20-in-spanish-university-students/,True,False
