group,identity,proposed_canonical,proposal_reason,slug,title,doi,pmid,sitemap,noindex,canonical_url
1,10.1080/15502783.2026.2674220,,MANUAL_REVIEW,acute-beetroot-juice-ingestion-fails-to-improve-sprint-performance-and-neuromuscular-funct,"Acute beetroot juice ingestion fails to improve sprint performance and neuromuscular function in trained male sprinters: a randomized, double-blind, placebo-controlled study.",10.1080/15502783.2026.2674220,42148901,False,False,https://nutreconciencia.com/articulos/acute-beetroot-juice-ingestion-fails-to-improve-sprint-performance-and-neuromuscular-funct/
1,10.1080/15502783.2026.2674220,,MANUAL_REVIEW,acute-beetroot-juice-ingestion-fails-to-improve-sprint-performance-and-neuromuscular-function-in-tra,"Acute beetroot juice ingestion fails to improve sprint performance and neuromuscular function in trained male sprinters: a randomized, double-blind, placebo-controlled study | Miguel López Moreno",10.1080/15502783.2026.2674220,42148901,False,False,https://nutreconciencia.com/articulos/acute-beetroot-juice-ingestion-fails-to-improve-sprint-performance-and-neuromuscular-function-in-tra/
2,10.3390/nu13093174,,MANUAL_REVIEW,adherence-to-mediterranean-diet-alcohol-consumption-and-emotional-eating-in-spanish-univer,"Adherence to Mediterranean Diet, Alcohol Consumption and Emotional Eating in Spanish University Students.",10.3390/nu13093174,34579051,False,False,https://nutreconciencia.com/articulos/adherence-to-mediterranean-diet-alcohol-consumption-and-emotional-eating-in-spanish-univer/
2,10.3390/nu13093174,,MANUAL_REVIEW,adherence-to-mediterranean-diet-alcohol-consumption-and-emotional-eating-in-spanish-university-stude,"Adherence to Mediterranean Diet, Alcohol Consumption and Emotional Eating in Spanish University Students | Miguel López Moreno",10.3390/nu13093174,34579051,False,False,https://nutreconciencia.com/articulos/adherence-to-mediterranean-diet-alcohol-consumption-and-emotional-eating-in-spanish-university-stude/
3,10.1016/j.advnut.2026.100693,appearance-of-validity,SITEMAP_CANONICAL,appearance-of-validity,The Appearance of Validity in Nutrition Science: Why Weak Inferences Persist,10.1016/j.advnut.2026.100693,42364696,True,False,https://nutreconciencia.com/articulos/appearance-of-validity/
3,10.1016/j.advnut.2026.100693,appearance-of-validity,SITEMAP_CANONICAL,the-appearance-of-validity-in-nutrition-science-why-weak-inferences-persist,The Appearance of Validity in Nutrition Science: Why Weak Inferences Persist.,10.1016/j.advnut.2026.100693,42364696,False,False,https://nutreconciencia.com/articulos/the-appearance-of-validity-in-nutrition-science-why-weak-inferences-persist/
4,10.1186/s40798-025-00852-7,plant-diets-muscular-strength,SITEMAP_CANONICAL,are-plant-based-diets-detrimental-to-muscular-strength-a-systematic-review-and-meta-analys,Are Plant-Based Diets Detrimental to Muscular Strength? A Systematic Review and Meta-Analysis of Randomized Controlled Trials,10.1186/s40798-025-00852-7,40455307,False,False,https://nutreconciencia.com/articulos/are-plant-based-diets-detrimental-to-muscular-strength-a-systematic-review-and-meta-analys/
4,10.1186/s40798-025-00852-7,plant-diets-muscular-strength,SITEMAP_CANONICAL,are-plant-based-diets-detrimental-to-muscular-strength-a-systematic-review-and-meta-analysis-of-rand,Are Plant-Based Diets Detrimental to Muscular Strength? A Systematic Review and Meta-Analysis of Randomized Controlled Trials | Miguel López Moreno,10.1186/s40798-025-00852-7,40455307,False,False,https://nutreconciencia.com/articulos/are-plant-based-diets-detrimental-to-muscular-strength-a-systematic-review-and-meta-analysis-of-rand/
4,10.1186/s40798-025-00852-7,plant-diets-muscular-strength,SITEMAP_CANONICAL,plant-diets-muscular-strength,Are Plant-Based Diets Detrimental to Muscular Strength? A Systematic Review and Meta-Analysis of Randomized Controlled Trials,10.1186/s40798-025-00852-7,,True,False,https://nutreconciencia.com/articulos/plant-diets-muscular-strength/
5,10.1123/ijsnem.2024-0113,beetroot-juice-handball,SITEMAP_CANONICAL,beetroot-juice-handball,"Multiday Beetroot Juice Ingestion Improves Some Aspects of Neuromuscular Performance in Semi-Professional, Male Handball Players",10.1123/ijsnem.2024-0113,39579758,True,False,https://nutreconciencia.com/articulos/beetroot-juice-handball/
5,10.1123/ijsnem.2024-0113,beetroot-juice-handball,SITEMAP_CANONICAL,multiday-beetroot-juice-ingestion-improves-some-aspects-of-neuromuscular-performance-in-se,"Multiday Beetroot Juice Ingestion Improves Some Aspects of Neuromuscular Performance in Semi-Professional, Male Handball Players: A Randomized, Double-Blind, Placebo-Controlled, Crossover Study.",10.1123/ijsnem.2024-0113,39579758,False,False,https://nutreconciencia.com/articulos/multiday-beetroot-juice-ingestion-improves-some-aspects-of-neuromuscular-performance-in-se/
5,10.1123/ijsnem.2024-0113,beetroot-juice-handball,SITEMAP_CANONICAL,multiday-beetroot-juice-ingestion-improves-some-aspects-of-neuromuscular-performance-in-semi-profess,"Multiday Beetroot Juice Ingestion Improves Some Aspects of Neuromuscular Performance in Semi-Professional, Male Handball Players: A Randomized, Double-Blind, Placebo-Controlled, Crossover Study | Miguel López Moreno",10.1123/ijsnem.2024-0113,39579758,False,False,https://nutreconciencia.com/articulos/multiday-beetroot-juice-ingestion-improves-some-aspects-of-neuromuscular-performance-in-semi-profess/
6,10.1093/nutrit/nuaf315,breast-cancer-plant-based-diets,SITEMAP_CANONICAL,breast-cancer-plant-based-diets,Breast Cancer Risk and Mortality and Adherence to Plant-Based Diets: A Systematic Review and Meta-Analysis,10.1093/nutrit/nuaf315,41719178,True,False,https://nutreconciencia.com/articulos/breast-cancer-plant-based-diets/
6,10.1093/nutrit/nuaf315,breast-cancer-plant-based-diets,SITEMAP_CANONICAL,breast-cancer-risk-and-mortality-and-adherence-to-plant-based-diets-a-systematic-review-an,Breast Cancer Risk and Mortality and Adherence to Plant-Based Diets: A Systematic Review and Meta-Analysis.,10.1093/nutrit/nuaf315,41719178,False,False,https://nutreconciencia.com/articulos/breast-cancer-risk-and-mortality-and-adherence-to-plant-based-diets-a-systematic-review-an/
6,10.1093/nutrit/nuaf315,breast-cancer-plant-based-diets,SITEMAP_CANONICAL,breast-cancer-risk-and-mortality-and-adherence-to-plant-based-diets-a-systematic-review-and-meta-ana,Breast Cancer Risk and Mortality and Adherence to Plant-Based Diets: A Systematic Review and Meta-Analysis | Miguel López Moreno,10.1093/nutrit/nuaf315,41719178,False,False,https://nutreconciencia.com/articulos/breast-cancer-risk-and-mortality-and-adherence-to-plant-based-diets-a-systematic-review-and-meta-ana/
7,10.3390/jcm14072160,cluster-headache-migraine,SITEMAP_CANONICAL,cluster-headache-and-migraine-shared-and-unique-insights-neurophysiological-implications-n,"Cluster Headache and Migraine Shared and Unique Insights: Neurophysiological Implications, Neuroimaging, and Biomarkers: A Comprehensive Review",10.3390/jcm14072160,40217611,False,False,https://nutreconciencia.com/articulos/cluster-headache-and-migraine-shared-and-unique-insights-neurophysiological-implications-n/
7,10.3390/jcm14072160,cluster-headache-migraine,SITEMAP_CANONICAL,cluster-headache-and-migraine-shared-and-unique-insights-neurophysiological-implications-neuroimagin,"Cluster Headache and Migraine Shared and Unique Insights: Neurophysiological Implications, Neuroimaging, and Biomarkers: A Comprehensive Review | Miguel López Moreno",10.3390/jcm14072160,,False,False,https://nutreconciencia.com/articulos/cluster-headache-and-migraine-shared-and-unique-insights-neurophysiological-implications-neuroimagin/
7,10.3390/jcm14072160,cluster-headache-migraine,SITEMAP_CANONICAL,cluster-headache-migraine,"Cluster Headache and Migraine Shared and Unique Insights: Neurophysiological Implications, Neuroimaging, and Biomarkers",10.3390/jcm14072160,40217611,True,False,https://nutreconciencia.com/articulos/cluster-headache-migraine/
8,10.3390/foods15101806,dry-cured-ham-comment,SITEMAP_CANONICAL,comment-on-hern-ndez-lorca-et-al-effects-of-dry-cured-ham-consumption-on-cardiometabolic-a,"Comment on Hernández-Lorca et al. Effects of Dry-Cured Ham Consumption on Cardiometabolic and Vascular Health in Adults: A Systematic Review and Meta-Analysis of Human Intervention Studies. Foods 2026, 15, 1198.",10.3390/foods15101806,42196009,False,False,https://nutreconciencia.com/articulos/comment-on-hern-ndez-lorca-et-al-effects-of-dry-cured-ham-consumption-on-cardiometabolic-a/
8,10.3390/foods15101806,dry-cured-ham-comment,SITEMAP_CANONICAL,comment-on-hernndez-lorca-et-al-effects-of-dry-cured-ham-consumption-on-cardiometabolic-and-vascular,"Comment on Hernández-Lorca et al. Effects of Dry-Cured Ham Consumption on Cardiometabolic and Vascular Health in Adults: A Systematic Review and Meta-Analysis of Human Intervention Studies. Foods 2026, 15, 1198 | Miguel López Moreno",10.3390/foods15101806,,False,False,https://nutreconciencia.com/articulos/comment-on-hernndez-lorca-et-al-effects-of-dry-cured-ham-consumption-on-cardiometabolic-and-vascular/
8,10.3390/foods15101806,dry-cured-ham-comment,SITEMAP_CANONICAL,dry-cured-ham-comment,Comment on Hernández-Lorca et al. Effects of Dry-Cured Ham Consumption on Cardiometabolic and Vascular Health in Adults,10.3390/foods15101806,42196009,True,False,https://nutreconciencia.com/articulos/dry-cured-ham-comment/
9,10.3390/nu14204266,comment-on-montoro-garca-et-al-beneficial-impact-of-pork-dry-cured-ham-consumption-on-blood-pressure,NON_NOINDEX_CANONICAL,comment-on-montoro-garc-a-et-al-beneficial-impact-of-pork-dry-cured-ham-consumption-on-blo,Redirigiendo…,10.3390/nu14204266,,False,True,https://nutreconciencia.com/articulos/comment-on-montoro-garca-et-al-beneficial-impact-of-pork-dry-cured-ham-consumption-on-blood-pressure/
9,10.3390/nu14204266,comment-on-montoro-garca-et-al-beneficial-impact-of-pork-dry-cured-ham-consumption-on-blood-pressure,NON_NOINDEX_CANONICAL,comment-on-montoro-garca-et-al-beneficial-impact-of-pork-dry-cured-ham-consumption-on-blood-pressure,"Comment on Montoro-García et al. Beneficial Impact of Pork Dry-Cured Ham Consumption on Blood Pressure and Cardiometabolic Markers in Individuals with Cardiovascular Risk. Nutrients 2022, 14, 298.",10.3390/nu14204266,36296950,False,False,https://nutreconciencia.com/articulos/comment-on-montoro-garca-et-al-beneficial-impact-of-pork-dry-cured-ham-consumption-on-blood-pressure/
10,10.1002/jcsm.70036,comment-on-systematic-review-and-metaanalysis-of-protein-intake-to-support-muscle-mass-and-function,NON_NOINDEX_CANONICAL,comment-on-systematic-review-and-meta-analysis-of-protein-intake-to-support-muscle-mass-an,Redirigiendo…,10.1002/jcsm.70036,,False,True,https://nutreconciencia.com/articulos/comment-on-systematic-review-and-metaanalysis-of-protein-intake-to-support-muscle-mass-and-function/
10,10.1002/jcsm.70036,comment-on-systematic-review-and-metaanalysis-of-protein-intake-to-support-muscle-mass-and-function,NON_NOINDEX_CANONICAL,comment-on-systematic-review-and-metaanalysis-of-protein-intake-to-support-muscle-mass-and-function,"Comment on ""Systematic Review and Meta-Analysis of Protein Intake to Support Muscle Mass and Function in Healthy Adults"" by Nunes et al.",10.1002/jcsm.70036,40716105,False,False,https://nutreconciencia.com/articulos/comment-on-systematic-review-and-metaanalysis-of-protein-intake-to-support-muscle-mass-and-function/
11,10.3389/fnut.2025.1622160,,MANUAL_REVIEW,commentary-the-energy-model-of-insulin-resistance-a-unifying-theory-linking-seed-oils-to-m,Commentary: The energy model of insulin resistance: a unifying theory linking seed oils to metabolic disease and cancer.,10.3389/fnut.2025.1622160,40837433,False,False,https://nutreconciencia.com/articulos/commentary-the-energy-model-of-insulin-resistance-a-unifying-theory-linking-seed-oils-to-m/
11,10.3389/fnut.2025.1622160,,MANUAL_REVIEW,commentary-the-energy-model-of-insulin-resistance-a-unifying-theory-linking-seed-oils-to-metabolic-d,Commentary: The energy model of insulin resistance: a unifying theory linking seed oils to metabolic disease and cancer | Miguel López Moreno,10.3389/fnut.2025.1622160,,False,False,https://nutreconciencia.com/articulos/commentary-the-energy-model-of-insulin-resistance-a-unifying-theory-linking-seed-oils-to-metabolic-d/
12,10.3390/nu17010095,creatine-narrative-review,SITEMAP_CANONICAL,creatine-narrative-review,"Creatine Supplementation Beyond Athletics: Benefits of Different Types of Creatine for Women, Vegans, and Clinical Populations",10.3390/nu17010095,39796530,True,False,https://nutreconciencia.com/articulos/creatine-narrative-review/
12,10.3390/nu17010095,creatine-narrative-review,SITEMAP_CANONICAL,creatine-supplementation-beyond-athletics-benefits-of-different-types-of-creatine-for-wome,"Creatine Supplementation Beyond Athletics: Benefits of Different Types of Creatine for Women, Vegans, and Clinical Populations—A Narrative Review",10.3390/nu17010095,39796530,False,False,https://nutreconciencia.com/articulos/creatine-supplementation-beyond-athletics-benefits-of-different-types-of-creatine-for-wome/
12,10.3390/nu17010095,creatine-narrative-review,SITEMAP_CANONICAL,creatine-supplementation-beyond-athletics-benefits-of-different-types-of-creatine-for-women-vegans-a,"Creatine Supplementation Beyond Athletics: Benefits of Different Types of Creatine for Women, Vegans, and Clinical Populations—A Narrative Review | Miguel López Moreno",10.3390/nu17010095,,False,False,https://nutreconciencia.com/articulos/creatine-supplementation-beyond-athletics-benefits-of-different-types-of-creatine-for-women-vegans-a/
13,10.3389/fnut.2025.1608814,soy-isoflavones-public-health,SITEMAP_CANONICAL,debunking-the-myth-are-soy-isoflavones-truly-a-public-health-concern,Debunking the myth: are soy isoflavones truly a public health concern?,10.3389/fnut.2025.1608814,40735241,False,False,https://nutreconciencia.com/articulos/debunking-the-myth-are-soy-isoflavones-truly-a-public-health-concern/
13,10.3389/fnut.2025.1608814,soy-isoflavones-public-health,SITEMAP_CANONICAL,soy-isoflavones-public-health,Debunking the myth: are soy isoflavones truly a public health concern?,10.3389/fnut.2025.1608814,40735241,True,False,https://nutreconciencia.com/articulos/soy-isoflavones-public-health/
14,10.3390/app16157696,,MANUAL_REVIEW,determinants-of-adherence-and-their-relationship-with-clinical-response-to-a-vegan-mediter,Determinants of Adherence and Their Relationship with Clinical Response to a Vegan Mediterranean Diet in Women with Fibromyalgia: A Secondary Analysis of the FIBROVEG Randomized Trial,10.3390/app16157696,,False,False,https://nutreconciencia.com/articulos/determinants-of-adherence-and-their-relationship-with-clinical-response-to-a-vegan-mediter/
14,10.3390/app16157696,,MANUAL_REVIEW,determinants-of-adherence-and-their-relationship-with-clinical-response-to-a-vegan-mediterranean-die,Determinants of Adherence and Their Relationship with Clinical Response to a Vegan Mediterranean Diet in Women with Fibromyalgia: A Secondary Analysis of the FIBROVEG Randomized Trial | Miguel López Moreno,10.3390/app16157696,,False,False,https://nutreconciencia.com/articulos/determinants-of-adherence-and-their-relationship-with-clinical-response-to-a-vegan-mediterranean-die/
15,10.1002/mnfr.70096,iron-absorption,SITEMAP_CANONICAL,dietary-adaptation-of-non-heme-iron-absorption-in-vegans-a-controlled-trial,Dietary Adaptation of Non-Heme Iron Absorption in Vegans: A Controlled Trial.,10.1002/mnfr.70096,40320969,False,False,https://nutreconciencia.com/articulos/dietary-adaptation-of-non-heme-iron-absorption-in-vegans-a-controlled-trial/
15,10.1002/mnfr.70096,iron-absorption,SITEMAP_CANONICAL,dietary-adaptation-of-nonheme-iron-absorption-in-vegans-a-controlled-trial,Dietary Adaptation of Non‐Heme Iron Absorption in Vegans: A Controlled Trial | Miguel López Moreno,10.1002/mnfr.70096,40320969,False,False,https://nutreconciencia.com/articulos/dietary-adaptation-of-nonheme-iron-absorption-in-vegans-a-controlled-trial/
15,10.1002/mnfr.70096,iron-absorption,SITEMAP_CANONICAL,iron-absorption,Dietary Adaptation of Non-Heme Iron Absorption in Vegans: A Controlled Trial,10.1002/mnfr.70096,40320969,True,False,https://nutreconciencia.com/articulos/iron-absorption/
16,10.1093/nutrit/nuag135,dietary-interventions-for-metabolic-dysfunctionassociated-steatotic-liver-disease-in-children-networ,NON_NOINDEX_CANONICAL,dietary-interventions-for-metabolic-dysfunctionassociated-steatotic-liver-disease-in-child,Redirigiendo…,10.1093/nutrit/nuag135,,False,True,https://nutreconciencia.com/articulos/dietary-interventions-for-metabolic-dysfunctionassociated-steatotic-liver-disease-in-children-networ/
16,10.1093/nutrit/nuag135,dietary-interventions-for-metabolic-dysfunctionassociated-steatotic-liver-disease-in-children-networ,NON_NOINDEX_CANONICAL,dietary-interventions-for-metabolic-dysfunctionassociated-steatotic-liver-disease-in-children-networ,Dietary interventions for metabolic dysfunctionassociated steatotic liver disease in children: Network meta-analysis of randomized clinical trials,10.1093/nutrit/nuag135,,False,False,https://nutreconciencia.com/articulos/dietary-interventions-for-metabolic-dysfunctionassociated-steatotic-liver-disease-in-children-networ/
17,10.1139/apnm-2025-0358,discussion-of-animal-and-plant-protein-usual-intakes-are-not-adversely-associated-with-all-cause-car,NON_NOINDEX_CANONICAL,discussion-of-animal-and-plant-protein-usual-intakes-are-not-adversely-associated-with-all,Redirigiendo…,10.1139/apnm-2025-0358,,False,True,https://nutreconciencia.com/articulos/discussion-of-animal-and-plant-protein-usual-intakes-are-not-adversely-associated-with-all-cause-car/
17,10.1139/apnm-2025-0358,discussion-of-animal-and-plant-protein-usual-intakes-are-not-adversely-associated-with-all-cause-car,NON_NOINDEX_CANONICAL,discussion-of-animal-and-plant-protein-usual-intakes-are-not-adversely-associated-with-all-cause-car,"Discussion of “Animal and plant protein usual intakes are not adversely associated with all-cause, cardiovascular disease-, or cancer-related mortality risk: an NHANES III analysis”",10.1139/apnm-2025-0358,41405021,False,False,https://nutreconciencia.com/articulos/discussion-of-animal-and-plant-protein-usual-intakes-are-not-adversely-associated-with-all-cause-car/
18,10.1007/s13668-025-00647-y,do-the-health-benefits-of-the-mediterranean-diet-increase-with-a-higher-proportion-of-whole-plant-ba,NON_NOINDEX_CANONICAL,do-the-health-benefits-of-the-mediterranean-diet-increase-with-a-higher-proportion-of-whol,Redirigiendo…,10.1007/s13668-025-00647-y,,False,True,https://nutreconciencia.com/articulos/do-the-health-benefits-of-the-mediterranean-diet-increase-with-a-higher-proportion-of-whole-plant-ba/
18,10.1007/s13668-025-00647-y,do-the-health-benefits-of-the-mediterranean-diet-increase-with-a-higher-proportion-of-whole-plant-ba,NON_NOINDEX_CANONICAL,do-the-health-benefits-of-the-mediterranean-diet-increase-with-a-higher-proportion-of-whole-plant-ba,Do the Health Benefits of the Mediterranean Diet Increase with a Higher Proportion of Whole Plant-Based Foods?,10.1007/s13668-025-00647-y,40138066,False,False,https://nutreconciencia.com/articulos/do-the-health-benefits-of-the-mediterranean-diet-increase-with-a-higher-proportion-of-whole-plant-ba/
19,10.3390/nu15214685,effect-of-nutrition-education-on-health-science-university-students-to-improve-cardiometabolic-profi,NON_NOINDEX_CANONICAL,effect-of-nutrition-education-on-health-science-university-students-to-improve-cardiometab,Redirigiendo…,10.3390/nu15214685,,False,True,https://nutreconciencia.com/articulos/effect-of-nutrition-education-on-health-science-university-students-to-improve-cardiometabolic-profi/
19,10.3390/nu15214685,effect-of-nutrition-education-on-health-science-university-students-to-improve-cardiometabolic-profi,NON_NOINDEX_CANONICAL,effect-of-nutrition-education-on-health-science-university-students-to-improve-cardiometabolic-profi,Effect of Nutrition Education on Health Science University Students to Improve Cardiometabolic Profile and Inflammatory Status,10.3390/nu15214685,37960339,False,False,https://nutreconciencia.com/articulos/effect-of-nutrition-education-on-health-science-university-students-to-improve-cardiometabolic-profi/
20,10.1016/j.clnu.2025.09.001,red-meat-cardiovascular,SITEMAP_CANONICAL,effect-of-red-meat-consumption-on-cardiovascular-risk-factors-a-systematic-review-and-baye,Redirigiendo…,10.1016/j.clnu.2025.09.001,,False,True,https://nutreconciencia.com/articulos/effect-of-red-meat-consumption-on-cardiovascular-risk-factors-a-systematic-review-and-bayesian-netwo/
20,10.1016/j.clnu.2025.09.001,red-meat-cardiovascular,SITEMAP_CANONICAL,effect-of-red-meat-consumption-on-cardiovascular-risk-factors-a-systematic-review-and-bayesian-netwo,Effect of red meat consumption on cardiovascular risk factors: A systematic review and Bayesian network meta-analysis of randomized controlled trials.,10.1016/j.clnu.2025.09.001,40997609,False,False,https://nutreconciencia.com/articulos/effect-of-red-meat-consumption-on-cardiovascular-risk-factors-a-systematic-review-and-bayesian-netwo/
20,10.1016/j.clnu.2025.09.001,red-meat-cardiovascular,SITEMAP_CANONICAL,red-meat-cardiovascular,Effect of red meat consumption on cardiovascular risk factors: A systematic review and Bayesian network meta-analysis of randomized controlled trials,10.1016/j.clnu.2025.09.001,40997609,True,False,https://nutreconciencia.com/articulos/red-meat-cardiovascular/
21,10.1371/journal.pone.0341215,effectiveness-of-immersive-virtual-reality-and-exercise-on-clinical-clinimetric-and-biomarker-variab,NON_NOINDEX_CANONICAL,effectiveness-of-immersive-virtual-reality-and-exercise-on-clinical-clinimetric-and-biomar,Redirigiendo…,10.1371/journal.pone.0341215,,False,True,https://nutreconciencia.com/articulos/effectiveness-of-immersive-virtual-reality-and-exercise-on-clinical-clinimetric-and-biomarker-variab/
21,10.1371/journal.pone.0341215,effectiveness-of-immersive-virtual-reality-and-exercise-on-clinical-clinimetric-and-biomarker-variab,NON_NOINDEX_CANONICAL,effectiveness-of-immersive-virtual-reality-and-exercise-on-clinical-clinimetric-and-biomarker-variab,"Effectiveness of immersive virtual reality and exercise on clinical, clinimetric and biomarker variables in rotator cuff-related shoulder pain patients: A study protocol for a multicentre randomized clinical trial (IVR- RCRSP-Rehab)",10.1371/journal.pone.0341215,41592018,False,False,https://nutreconciencia.com/articulos/effectiveness-of-immersive-virtual-reality-and-exercise-on-clinical-clinimetric-and-biomarker-variab/
22,10.1093/nutrit/nuae188,migraine-dietary-interventions,SITEMAP_CANONICAL,effects-of-dietary-interventions-in-patients-with-migraine-a-systematic-review,Effects of Dietary Interventions in Patients With Migraine: A Systematic Review.,10.1093/nutrit/nuae188,39749874,False,False,https://nutreconciencia.com/articulos/effects-of-dietary-interventions-in-patients-with-migraine-a-systematic-review/
22,10.1093/nutrit/nuae188,migraine-dietary-interventions,SITEMAP_CANONICAL,migraine-dietary-interventions,Effects of Dietary Interventions in Patients With Migraine: A Systematic Review,10.1093/nutrit/nuae188,39749874,True,False,https://nutreconciencia.com/articulos/migraine-dietary-interventions/
23,10.1007/s00394-026-03939-3,omniveg-environmental,SITEMAP_CANONICAL,environmental-and-economic-impact-of-a-vegan-versus-traditional-mediterranean-diet-omniveg,Environmental and economic impact of a vegan versus traditional mediterranean diet: OMNIVEG study,10.1007/s00394-026-03939-3,41843153,False,False,https://nutreconciencia.com/articulos/environmental-and-economic-impact-of-a-vegan-versus-traditional-mediterranean-diet-omniveg/
23,10.1007/s00394-026-03939-3,omniveg-environmental,SITEMAP_CANONICAL,environmental-and-economic-impact-of-a-vegan-versus-traditional-mediterranean-diet-omniveg-study,Environmental and economic impact of a vegan versus traditional mediterranean diet: OMNIVEG study | Miguel López Moreno,10.1007/s00394-026-03939-3,,False,False,https://nutreconciencia.com/articulos/environmental-and-economic-impact-of-a-vegan-versus-traditional-mediterranean-diet-omniveg-study/
23,10.1007/s00394-026-03939-3,omniveg-environmental,SITEMAP_CANONICAL,omniveg-environmental,Environmental and economic impact of a vegan versus traditional Mediterranean diet: OMNIVEG study,10.1007/s00394-026-03939-3,41843153,True,False,https://nutreconciencia.com/articulos/omniveg-environmental/
24,10.1016/j.cdnut.2025.106498,,MANUAL_REVIEW,examining-the-impact-of-isocaloric-substitution-of-animal-protein-with-plant-protein-all-c,"Examining the Impact of Isocaloric Substitution of Animal Protein With Plant Protein All-Cause, Cardiovascular, and Cancer Mortality: A Systematic Review and Meta-Analysis",10.1016/j.cdnut.2025.106498,,False,False,https://nutreconciencia.com/articulos/examining-the-impact-of-isocaloric-substitution-of-animal-protein-with-plant-protein-all-c/
24,10.1016/j.cdnut.2025.106498,,MANUAL_REVIEW,examining-the-impact-of-isocaloric-substitution-of-animal-protein-with-plant-protein-all-cause-cardi,"Examining the Impact of Isocaloric Substitution of Animal Protein With Plant Protein All-Cause, Cardiovascular, and Cancer Mortality: A Systematic Review and Meta-Analysis | Miguel López Moreno",10.1016/j.cdnut.2025.106498,,False,False,https://nutreconciencia.com/articulos/examining-the-impact-of-isocaloric-substitution-of-animal-protein-with-plant-protein-all-cause-cardi/
25,10.1038/s41598-025-85307-5,,MANUAL_REVIEW,feasibility-and-potential-effect-of-a-pilot-blended-digital-behavior-change-intervention-p,Feasibility and potential effect of a pilot blended digital behavior change intervention promoting sustainable diets over a year.,10.1038/s41598-025-85307-5,39814876,False,False,https://nutreconciencia.com/articulos/feasibility-and-potential-effect-of-a-pilot-blended-digital-behavior-change-intervention-p/
25,10.1038/s41598-025-85307-5,,MANUAL_REVIEW,feasibility-and-potential-effect-of-a-pilot-blended-digital-behavior-change-intervention-promoting-s,Feasibility and potential effect of a pilot blended digital behavior change intervention promoting sustainable diets over a year | Miguel López Moreno,10.1038/s41598-025-85307-5,,False,False,https://nutreconciencia.com/articulos/feasibility-and-potential-effect-of-a-pilot-blended-digital-behavior-change-intervention-promoting-s/
26,10.31219/osf.io/d9pm3,,MANUAL_REVIEW,feasibility-of-a-blended-digital-behavior-change-intervention-promoting-sustainable-diets-,Feasibility of a blended digital behavior change intervention promoting sustainable diets over a year: a series of pilot N-of-1 trials,10.31219/osf.io/d9pm3,,False,False,https://nutreconciencia.com/articulos/feasibility-of-a-blended-digital-behavior-change-intervention-promoting-sustainable-diets-/
26,10.31219/osf.io/d9pm3,,MANUAL_REVIEW,feasibility-of-a-blended-digital-behavior-change-intervention-promoting-sustainable-diets-over-a-yea,Feasibility of a blended digital behavior change intervention promoting sustainable diets over a year: a series of pilot N-of-1 trials | Miguel López Moreno,10.31219/osf.io/d9pm3,,False,False,https://nutreconciencia.com/articulos/feasibility-of-a-blended-digital-behavior-change-intervention-promoting-sustainable-diets-over-a-yea/
27,10.1016/j.nut.2026.113303,fibroveg,SITEMAP_CANONICAL,fibroveg,Vegan versus traditional Mediterranean diet effects on cardiometabolic outcomes in women with fibromyalgia: FIBROVEG study,10.1016/j.nut.2026.113303,42320093,True,False,https://nutreconciencia.com/articulos/fibroveg/
27,10.1016/j.nut.2026.113303,fibroveg,SITEMAP_CANONICAL,vegan-versus-traditional-mediterranean-diet-effects-on-cardiometabolic-outcomes-in-women-w,Vegan versus traditional Mediterranean diet effects on cardiometabolic outcomes in women with fibromyalgia:FIBROVEG study.,10.1016/j.nut.2026.113303,42320093,False,False,https://nutreconciencia.com/articulos/vegan-versus-traditional-mediterranean-diet-effects-on-cardiometabolic-outcomes-in-women-w/
27,10.1016/j.nut.2026.113303,fibroveg,SITEMAP_CANONICAL,vegan-versus-traditional-mediterranean-diet-effects-on-cardiometabolic-outcomes-in-women-with-fibrom,Vegan versus traditional Mediterranean diet effects on cardiometabolic outcomes in women with fibromyalgia:FIBROVEG study | Miguel López Moreno,10.1016/j.nut.2026.113303,42320093,False,False,https://nutreconciencia.com/articulos/vegan-versus-traditional-mediterranean-diet-effects-on-cardiometabolic-outcomes-in-women-with-fibrom/
28,10.1016/j.lana.2026.101532,food-environment-policies,SITEMAP_CANONICAL,food-environment-policies,Food-environment policies for child nutrition in Ecuador and Latin America: beyond front-of-package labels and advertising restrictions,10.1016/j.lana.2026.101532,42375986,True,False,https://nutreconciencia.com/articulos/food-environment-policies/
28,10.1016/j.lana.2026.101532,food-environment-policies,SITEMAP_CANONICAL,food-environment-policies-for-child-nutrition-in-ecuador-and-latin-america-beyond-front-of,Redirigiendo…,10.1016/j.lana.2026.101532,,False,True,https://nutreconciencia.com/articulos/food-environment-policies-for-child-nutrition-in-ecuador-and-latin-america-beyond-front-of-package-l/
28,10.1016/j.lana.2026.101532,food-environment-policies,SITEMAP_CANONICAL,food-environment-policies-for-child-nutrition-in-ecuador-and-latin-america-beyond-front-of-package-l,Food-environment policies for child nutrition in Ecuador and Latin America: beyond front-of-package labels and advertising restrictions,10.1016/j.lana.2026.101532,42375986,False,False,https://nutreconciencia.com/articulos/food-environment-policies-for-child-nutrition-in-ecuador-and-latin-america-beyond-front-of-package-l/
29,10.3389/fnut.2025.1527685,food-insecurity-adolescents,SITEMAP_CANONICAL,food-insecurity-adolescents,Proportion of food insecurity and its sociodemographic correlates among Spanish adolescents: the EHDLA study,10.3389/fnut.2025.1527685,40230716,True,False,https://nutreconciencia.com/articulos/food-insecurity-adolescents/
29,10.3389/fnut.2025.1527685,food-insecurity-adolescents,SITEMAP_CANONICAL,proportion-of-food-insecurity-and-its-sociodemographic-correlates-among-spanish-adolescent,Redirigiendo…,10.3389/fnut.2025.1527685,,False,True,https://nutreconciencia.com/articulos/proportion-of-food-insecurity-and-its-sociodemographic-correlates-among-spanish-adolescents-the-ehdl/
29,10.3389/fnut.2025.1527685,food-insecurity-adolescents,SITEMAP_CANONICAL,proportion-of-food-insecurity-and-its-sociodemographic-correlates-among-spanish-adolescents-the-ehdl,Proportion of food insecurity and its sociodemographic correlates among Spanish adolescents: the EHDLA study,10.3389/fnut.2025.1527685,40230716,False,False,https://nutreconciencia.com/articulos/proportion-of-food-insecurity-and-its-sociodemographic-correlates-among-spanish-adolescents-the-ehdl/
30,10.1371/journal.pone.0351122,,MANUAL_REVIEW,higher-dietary-polyphenol-intake-is-associated-with-reduced-pain-sensitivity-and-migraine-,Higher dietary polyphenol intake is associated with reduced pain sensitivity and migraine-related disability: A cross-sectional analysis.,10.1371/journal.pone.0351122,42258458,False,False,https://nutreconciencia.com/articulos/higher-dietary-polyphenol-intake-is-associated-with-reduced-pain-sensitivity-and-migraine-/
30,10.1371/journal.pone.0351122,,MANUAL_REVIEW,higher-dietary-polyphenol-intake-is-associated-with-reduced-pain-sensitivity-and-migraine-related-di,Higher dietary polyphenol intake is associated with reduced pain sensitivity and migraine-related disability: A cross-sectional analysis | Miguel López Moreno,10.1371/journal.pone.0351122,,False,False,https://nutreconciencia.com/articulos/higher-dietary-polyphenol-intake-is-associated-with-reduced-pain-sensitivity-and-migraine-related-di/
31,10.1016/j.ajcnut.2025.02.030,industry-study-sponsorship-and-conflicts-of-interest-on-the-effect-of-unprocessed-red-meat-on-cardio,NON_NOINDEX_CANONICAL,industry-study-sponsorship-and-conflicts-of-interest-on-the-effect-of-unprocessed-red-meat,Redirigiendo…,10.1016/j.ajcnut.2025.02.030,,False,True,https://nutreconciencia.com/articulos/industry-study-sponsorship-and-conflicts-of-interest-on-the-effect-of-unprocessed-red-meat-on-cardio/
31,10.1016/j.ajcnut.2025.02.030,industry-study-sponsorship-and-conflicts-of-interest-on-the-effect-of-unprocessed-red-meat-on-cardio,NON_NOINDEX_CANONICAL,industry-study-sponsorship-and-conflicts-of-interest-on-the-effect-of-unprocessed-red-meat-on-cardio,Industry study sponsorship and conflicts of interest on the effect of unprocessed red meat on cardiovascular disease risk: a systematic review of clinical trials.,10.1016/j.ajcnut.2025.02.030,40379522,False,False,https://nutreconciencia.com/articulos/industry-study-sponsorship-and-conflicts-of-interest-on-the-effect-of-unprocessed-red-meat-on-cardio/
32,10.1016/j.heliyon.2021.e07186,,MANUAL_REVIEW,influence-of-eating-habits-and-alcohol-consumption-on-the-academic-performance-among-a-uni,Influence of eating habits and alcohol consumption on the academic performance among a university population in the community of Madrid: A pilot study,10.1016/j.heliyon.2021.e07186,34169161,False,False,https://nutreconciencia.com/articulos/influence-of-eating-habits-and-alcohol-consumption-on-the-academic-performance-among-a-uni/
32,10.1016/j.heliyon.2021.e07186,,MANUAL_REVIEW,influence-of-eating-habits-and-alcohol-consumption-on-the-academic-performance-among-a-university-po,Influence of eating habits and alcohol consumption on the academic performance among a university population in the community of Madrid: A pilot study | Miguel López Moreno,10.1016/j.heliyon.2021.e07186,,False,False,https://nutreconciencia.com/articulos/influence-of-eating-habits-and-alcohol-consumption-on-the-academic-performance-among-a-university-po/
33,10.1007/s00431-025-06298-z,,MANUAL_REVIEW,is-greater-adherence-to-the-mediterranean-diet-related-to-higher-health-related-quality-of,Is greater adherence to the Mediterranean diet related to higher health-related quality of life among children and adolescents? A systematic review and meta-analysis,10.1007/s00431-025-06298-z,40705083,False,False,https://nutreconciencia.com/articulos/is-greater-adherence-to-the-mediterranean-diet-related-to-higher-health-related-quality-of/
33,10.1007/s00431-025-06298-z,,MANUAL_REVIEW,is-greater-adherence-to-the-mediterranean-diet-related-to-higher-health-related-quality-of-life-amon,Is greater adherence to the Mediterranean diet related to higher health-related quality of life among children and adolescents? A systematic review and meta-analysis | Miguel López Moreno,10.1007/s00431-025-06298-z,40705083,False,False,https://nutreconciencia.com/articulos/is-greater-adherence-to-the-mediterranean-diet-related-to-higher-health-related-quality-of-life-amon/
34,10.1016/j.clnu.2026.106655,is-this-food-healthy,SITEMAP_CANONICAL,is-this-food-healthy,Is this food healthy? Reframing nutrition evidence through counterfactual comparisons,10.1016/j.clnu.2026.106655,41980292,True,False,https://nutreconciencia.com/articulos/is-this-food-healthy/
34,10.1016/j.clnu.2026.106655,is-this-food-healthy,SITEMAP_CANONICAL,is-this-food-healthy-reframing-nutrition-evidence-through-counterfactual-comparisons,Is this food healthy? Reframing nutrition evidence through counterfactual comparisons.,10.1016/j.clnu.2026.106655,41980292,False,False,https://nutreconciencia.com/articulos/is-this-food-healthy-reframing-nutrition-evidence-through-counterfactual-comparisons/
35,10.1016/j.clnu.2026.106654,plant-protein-mortality,SITEMAP_CANONICAL,isocaloric-substitution-of-animal-protein-with-plant-protein-and-its-impact-on-all-cause-c,Redirigiendo…,10.1016/j.clnu.2026.106654,,False,True,https://nutreconciencia.com/articulos/isocaloric-substitution-of-animal-protein-with-plant-protein-and-its-impact-on-all-cause-cardiovascu/
35,10.1016/j.clnu.2026.106654,plant-protein-mortality,SITEMAP_CANONICAL,isocaloric-substitution-of-animal-protein-with-plant-protein-and-its-impact-on-all-cause-cardiovascu,"Isocaloric substitution of animal protein with plant protein and its impact on all-cause, cardiovascular, and cancer mortality: A systematic review and meta-analysis",10.1016/j.clnu.2026.106654,41996864,False,False,https://nutreconciencia.com/articulos/isocaloric-substitution-of-animal-protein-with-plant-protein-and-its-impact-on-all-cause-cardiovascu/
35,10.1016/j.clnu.2026.106654,plant-protein-mortality,SITEMAP_CANONICAL,plant-protein-mortality,"Isocaloric substitution of animal protein with plant protein and its impact on all-cause, cardiovascular, and cancer mortality: A systematic review and meta-analysis",10.1016/j.clnu.2026.106654,41996864,True,False,https://nutreconciencia.com/articulos/plant-protein-mortality/
36,10.1371/journal.pdig.0001113,,MANUAL_REVIEW,longitudinal-changes-in-motivational-determinants-of-sustainable-diets-during-a-pilot-blen,Longitudinal changes in motivational determinants of sustainable diets during a pilot blended digital behavior change intervention: A mixed methods study.,10.1371/journal.pdig.0001113,42189924,False,False,https://nutreconciencia.com/articulos/longitudinal-changes-in-motivational-determinants-of-sustainable-diets-during-a-pilot-blen/
36,10.1371/journal.pdig.0001113,,MANUAL_REVIEW,longitudinal-changes-in-motivational-determinants-of-sustainable-diets-during-a-pilot-blended-digita,Longitudinal changes in motivational determinants of sustainable diets during a pilot blended digital behavior change intervention: A mixed methods study | Miguel López Moreno,10.1371/journal.pdig.0001113,42189924,False,False,https://nutreconciencia.com/articulos/longitudinal-changes-in-motivational-determinants-of-sustainable-diets-during-a-pilot-blended-digita/
37,10.1093/nutrit/nuae203,palmitoylethanolamide-meta-analysis,SITEMAP_CANONICAL,meta-analysis-of-palmitoylethanolamide-in-pain-management-addressing-literature-gaps-and-e,Meta-Analysis of Palmitoylethanolamide in Pain Management: Addressing Literature Gaps and Enhancing Understanding,10.1093/nutrit/nuae203,39798151,False,False,https://nutreconciencia.com/articulos/meta-analysis-of-palmitoylethanolamide-in-pain-management-addressing-literature-gaps-and-e/
37,10.1093/nutrit/nuae203,palmitoylethanolamide-meta-analysis,SITEMAP_CANONICAL,meta-analysis-of-palmitoylethanolamide-in-pain-management-addressing-literature-gaps-and-enhancing-u,Meta-Analysis of Palmitoylethanolamide in Pain Management: Addressing Literature Gaps and Enhancing Understanding | Miguel López Moreno,10.1093/nutrit/nuae203,,False,False,https://nutreconciencia.com/articulos/meta-analysis-of-palmitoylethanolamide-in-pain-management-addressing-literature-gaps-and-enhancing-u/
37,10.1093/nutrit/nuae203,palmitoylethanolamide-meta-analysis,SITEMAP_CANONICAL,palmitoylethanolamide-meta-analysis,Meta-Analysis of Palmitoylethanolamide in Pain Management: Addressing Literature Gaps and Enhancing Understanding,10.1093/nutrit/nuae203,39798151,True,False,https://nutreconciencia.com/articulos/palmitoylethanolamide-meta-analysis/
38,10.1016/j.numecd.2024.08.008,omniveg,SITEMAP_CANONICAL,omniveg,The OMNIVEG STUDY: Health outcomes of shifting from a traditional to a vegan Mediterranean diet in healthy men. A controlled crossover trial,10.1016/j.numecd.2024.08.008,39358106,True,False,https://nutreconciencia.com/articulos/omniveg/
38,10.1016/j.numecd.2024.08.008,omniveg,SITEMAP_CANONICAL,the-omniveg-study-health-outcomes-of-shifting-from-a-traditional-to-a-vegan-mediterranean-,Redirigiendo…,10.1016/j.numecd.2024.08.008,,False,True,https://nutreconciencia.com/articulos/the-omniveg-study-health-outcomes-of-shifting-from-a-traditional-to-a-vegan-mediterranean-diet-in-he/
38,10.1016/j.numecd.2024.08.008,omniveg,SITEMAP_CANONICAL,the-omniveg-study-health-outcomes-of-shifting-from-a-traditional-to-a-vegan-mediterranean-diet-in-he,The OMNIVEG STUDY: Health outcomes of shifting from a traditional to a vegan Mediterranean diet in healthy men. A controlled crossover trial.,10.1016/j.numecd.2024.08.008,39358106,False,False,https://nutreconciencia.com/articulos/the-omniveg-study-health-outcomes-of-shifting-from-a-traditional-to-a-vegan-mediterranean-diet-in-he/
39,10.3390/nu17142274,omniveg-fat-oxidation,SITEMAP_CANONICAL,omniveg-fat-oxidation,The OMNIVEG Study: Effects of Transitioning from a Traditional to a Vegan Mediterranean Diet on Fat Oxidation During Exercise,10.3390/nu17142274,40732902,True,False,https://nutreconciencia.com/articulos/omniveg-fat-oxidation/
39,10.3390/nu17142274,omniveg-fat-oxidation,SITEMAP_CANONICAL,the-omniveg-study-effects-of-transitioning-from-a-traditional-to-a-vegan-mediterranean-die,The OMNIVEG Study: Effects of Transitioning from a Traditional to a Vegan Mediterranean Diet on Fat Oxidation During Exercise.,10.3390/nu17142274,40732902,False,False,https://nutreconciencia.com/articulos/the-omniveg-study-effects-of-transitioning-from-a-traditional-to-a-vegan-mediterranean-die/
39,10.3390/nu17142274,omniveg-fat-oxidation,SITEMAP_CANONICAL,the-omniveg-study-effects-of-transitioning-from-a-traditional-to-a-vegan-mediterranean-diet-on-fat-o,The OMNIVEG Study: Effects of Transitioning from a Traditional to a Vegan Mediterranean Diet on Fat Oxidation During Exercise | Miguel López Moreno,10.3390/nu17142274,40732902,False,False,https://nutreconciencia.com/articulos/the-omniveg-study-effects-of-transitioning-from-a-traditional-to-a-vegan-mediterranean-diet-on-fat-o/
40,10.3390/ph19060897,optimizing-weight-loss-in-the-glp-1-era-preserving-muscle-mass-function-and-metabolic-health-through,NON_NOINDEX_CANONICAL,optimizing-weight-loss-in-the-glp-1-era-preserving-muscle-mass-function-and-metabolic-heal,Redirigiendo…,10.3390/ph19060897,,False,True,https://nutreconciencia.com/articulos/optimizing-weight-loss-in-the-glp-1-era-preserving-muscle-mass-function-and-metabolic-health-through/
40,10.3390/ph19060897,optimizing-weight-loss-in-the-glp-1-era-preserving-muscle-mass-function-and-metabolic-health-through,NON_NOINDEX_CANONICAL,optimizing-weight-loss-in-the-glp-1-era-preserving-muscle-mass-function-and-metabolic-health-through,"Optimizing Weight Loss in the GLP-1 Era: Preserving Muscle Mass, Function and Metabolic Health Through Precision Nutrition and Resistance Training.",10.3390/ph19060897,42356514,False,False,https://nutreconciencia.com/articulos/optimizing-weight-loss-in-the-glp-1-era-preserving-muscle-mass-function-and-metabolic-health-through/
41,10.3390/nu17040629,,MANUAL_REVIEW,orthorexia-nervosa-prevalence-among-spanish-university-students-and-its-effects-on-cardiom,Orthorexia Nervosa: Prevalence Among Spanish University Students and Its Effects on Cardiometabolic Health.,10.3390/nu17040629,40004958,False,False,https://nutreconciencia.com/articulos/orthorexia-nervosa-prevalence-among-spanish-university-students-and-its-effects-on-cardiom/
41,10.3390/nu17040629,,MANUAL_REVIEW,orthorexia-nervosa-prevalence-among-spanish-university-students-and-its-effects-on-cardiometabolic-h,Orthorexia Nervosa: Prevalence Among Spanish University Students and Its Effects on Cardiometabolic Health | Miguel López Moreno,10.3390/nu17040629,,False,False,https://nutreconciencia.com/articulos/orthorexia-nervosa-prevalence-among-spanish-university-students-and-its-effects-on-cardiometabolic-h/
42,10.20944/preprints202010.0325.v1,,MANUAL_REVIEW,physical-and-psychological-effects-related-to-food-habits-and-lifestyle-changes-derived-fr,Physical and psychological effects related to food habits and lifestyle changes derived from Covid-19 home confinement Spanish population.,10.20944/preprints202010.0325.v1,,False,False,https://nutreconciencia.com/articulos/physical-and-psychological-effects-related-to-food-habits-and-lifestyle-changes-derived-fr/
42,10.20944/preprints202010.0325.v1,,MANUAL_REVIEW,physical-and-psychological-effects-related-to-food-habits-and-lifestyle-changes-derived-from-covid-1,Physical and psychological effects related to food habits and lifestyle changes derived from Covid-19 home confinement Spanish population. | Miguel López Moreno,10.20944/preprints202010.0325.v1,,False,False,https://nutreconciencia.com/articulos/physical-and-psychological-effects-related-to-food-habits-and-lifestyle-changes-derived-from-covid-1/
43,10.1007/s13668-025-00671-y,plant-iron-review,SITEMAP_CANONICAL,plant-based-diet-and-risk-of-iron-deficiency-anemia-a-review-of-the-current-evidence-and-i,Redirigiendo…,10.1007/s13668-025-00671-y,,False,True,https://nutreconciencia.com/articulos/plant-based-diet-and-risk-of-iron-deficiency-anemia-a-review-of-the-current-evidence-and-implication/
43,10.1007/s13668-025-00671-y,plant-iron-review,SITEMAP_CANONICAL,plant-based-diet-and-risk-of-iron-deficiency-anemia-a-review-of-the-current-evidence-and-implication,Plant-Based Diet and Risk of Iron-deficiency Anemia. A Review of the Current Evidence and Implications for Preventive Strategies.,10.1007/s13668-025-00671-y,40528105,False,False,https://nutreconciencia.com/articulos/plant-based-diet-and-risk-of-iron-deficiency-anemia-a-review-of-the-current-evidence-and-implication/
43,10.1007/s13668-025-00671-y,plant-iron-review,SITEMAP_CANONICAL,plant-iron-review,Plant-Based Diet and Risk of Iron-deficiency Anemia. A Review of the Current Evidence and Implications for Preventive Strategies,10.1007/s13668-025-00671-y,40528105,True,False,https://nutreconciencia.com/articulos/plant-iron-review/
44,10.1016/j.ajcnut.2024.12.002,plant-based-meat-cardiometabolic,SITEMAP_CANONICAL,plant-based-meat-alternatives-and-cardiometabolic-health-a-systematic-review-and-meta-anal,Redirigiendo…,10.1016/j.ajcnut.2024.12.002,,False,True,https://nutreconciencia.com/articulos/plant-based-meat-alternatives-and-cardiometabolic-health-a-systematic-review-and-meta-analysis/
44,10.1016/j.ajcnut.2024.12.002,plant-based-meat-cardiometabolic,SITEMAP_CANONICAL,plant-based-meat-alternatives-and-cardiometabolic-health-a-systematic-review-and-meta-analysis,Plant-based meat alternatives and cardiometabolic health: a systematic review and meta-analysis,10.1016/j.ajcnut.2024.12.002,39653176,False,False,https://nutreconciencia.com/articulos/plant-based-meat-alternatives-and-cardiometabolic-health-a-systematic-review-and-meta-analysis/
44,10.1016/j.ajcnut.2024.12.002,plant-based-meat-cardiometabolic,SITEMAP_CANONICAL,plant-based-meat-cardiometabolic,Plant-based meat alternatives and cardiometabolic health: a systematic review and meta-analysis,10.1016/j.ajcnut.2024.12.002,39653176,True,False,https://nutreconciencia.com/articulos/plant-based-meat-cardiometabolic/
45,10.1016/j.lanplh.2026.101502,plant-based-misinformation,SITEMAP_CANONICAL,plant-based-misinformation,Plant-based misinformation as a barrier to dietary transition,10.1016/j.lanplh.2026.101502,42480578,True,False,https://nutreconciencia.com/articulos/plant-based-misinformation/
45,10.1016/j.lanplh.2026.101502,plant-based-misinformation,SITEMAP_CANONICAL,plant-based-misinformation-as-a-barrier-to-dietary-transition,Plant-based misinformation as a barrier to dietary transition.,10.1016/j.lanplh.2026.101502,42480578,False,False,https://nutreconciencia.com/articulos/plant-based-misinformation-as-a-barrier-to-dietary-transition/
46,10.1007/s13668-025-00628-1,plant-protein-muscle,SITEMAP_CANONICAL,plant-protein-muscle,The Impact of Plant-Based Proteins on Muscle Mass and Strength Performance: A Comprehensive Review,10.1007/s13668-025-00628-1,39982647,True,False,https://nutreconciencia.com/articulos/plant-protein-muscle/
46,10.1007/s13668-025-00628-1,plant-protein-muscle,SITEMAP_CANONICAL,the-impact-of-plant-based-proteins-on-muscle-mass-and-strength-performance-a-comprehensive,Redirigiendo…,10.1007/s13668-025-00628-1,,False,True,https://nutreconciencia.com/articulos/the-impact-of-plant-based-proteins-on-muscle-mass-and-strength-performance-a-comprehensive-review/
46,10.1007/s13668-025-00628-1,plant-protein-muscle,SITEMAP_CANONICAL,the-impact-of-plant-based-proteins-on-muscle-mass-and-strength-performance-a-comprehensive-review,The Impact of Plant-Based Proteins on Muscle Mass and Strength Performance: A Comprehensive Review,10.1007/s13668-025-00628-1,39982647,False,False,https://nutreconciencia.com/articulos/the-impact-of-plant-based-proteins-on-muscle-mass-and-strength-performance-a-comprehensive-review/
47,10.1007/s13668-026-00754-4,,MANUAL_REVIEW,protein-paradox-protein-quality-based-on-amino-acids-composition-is-poorly-associated-with,Protein Paradox: Protein Quality Based on Amino Acids Composition is Poorly Associated with Health Outcomes.,10.1007/s13668-026-00754-4,42012753,False,False,https://nutreconciencia.com/articulos/protein-paradox-protein-quality-based-on-amino-acids-composition-is-poorly-associated-with/
47,10.1007/s13668-026-00754-4,,MANUAL_REVIEW,protein-paradox-protein-quality-based-on-amino-acids-composition-is-poorly-associated-with-health-ou,Protein Paradox: Protein Quality Based on Amino Acids Composition is Poorly Associated with Health Outcomes | Miguel López Moreno,10.1007/s13668-026-00754-4,42012753,False,False,https://nutreconciencia.com/articulos/protein-paradox-protein-quality-based-on-amino-acids-composition-is-poorly-associated-with-health-ou/
48,10.3390/antiox12061291,red-quinoa-hypertensive-rats,SITEMAP_CANONICAL,red-quinoa-hydrolysates-with-antioxidant-properties-improve-cardiovascular-health-in-spont,Redirigiendo…,10.3390/antiox12061291,,False,True,https://nutreconciencia.com/articulos/red-quinoa-hydrolysates-with-antioxidant-properties-improve-cardiovascular-health-in-spontaneously-h/
48,10.3390/antiox12061291,red-quinoa-hypertensive-rats,SITEMAP_CANONICAL,red-quinoa-hydrolysates-with-antioxidant-properties-improve-cardiovascular-health-in-spontaneously-h,Red Quinoa Hydrolysates with Antioxidant Properties Improve Cardiovascular Health in Spontaneously Hypertensive Rats.,10.3390/antiox12061291,37372021,False,False,https://nutreconciencia.com/articulos/red-quinoa-hydrolysates-with-antioxidant-properties-improve-cardiovascular-health-in-spontaneously-h/
48,10.3390/antiox12061291,red-quinoa-hypertensive-rats,SITEMAP_CANONICAL,red-quinoa-hypertensive-rats,Red Quinoa Hydrolysates with Antioxidant Properties Improve Cardiovascular Health in Spontaneously Hypertensive Rats,10.3390/antiox12061291,37372021,True,False,https://nutreconciencia.com/articulos/red-quinoa-hypertensive-rats/
49,10.3390/md24070229,salicornia-europaea-l-as-a-marine-bioactive-resource-phytochemical-profile-health-mechanisms-and-fun,NON_NOINDEX_CANONICAL,salicornia-europaea-l-as-a-marine-bioactive-resource-phytochemical-profile-health-mechanis,Redirigiendo…,10.3390/md24070229,,False,True,https://nutreconciencia.com/articulos/salicornia-europaea-l-as-a-marine-bioactive-resource-phytochemical-profile-health-mechanisms-and-fun/
49,10.3390/md24070229,salicornia-europaea-l-as-a-marine-bioactive-resource-phytochemical-profile-health-mechanisms-and-fun,NON_NOINDEX_CANONICAL,salicornia-europaea-l-as-a-marine-bioactive-resource-phytochemical-profile-health-mechanisms-and-fun,"Salicornia europaea L. as a Marine Bioactive Resource: Phytochemical Profile, Health Mechanisms, and Functional Applications in Precision Nutrition",10.3390/md24070229,42505969,False,False,https://nutreconciencia.com/articulos/salicornia-europaea-l-as-a-marine-bioactive-resource-phytochemical-profile-health-mechanisms-and-fun/
50,10.1007/s13668-025-00704-6,ultra-processed-plant-foods,SITEMAP_CANONICAL,ultra-processed-plant-foods,Ultra-processed Plant Foods: Are They Worse than their Unprocessed Animal-Based Counterparts?,10.1007/s13668-025-00704-6,41129036,True,False,https://nutreconciencia.com/articulos/ultra-processed-plant-foods/
50,10.1007/s13668-025-00704-6,ultra-processed-plant-foods,SITEMAP_CANONICAL,ultra-processed-plant-foods-are-they-worse-than-their-unprocessed-animal-based-counterpart,Ultra-processed Plant Foods: Are They Worse than their Unprocessed Animal-Based Counterparts?,10.1007/s13668-025-00704-6,41129036,False,False,https://nutreconciencia.com/articulos/ultra-processed-plant-foods-are-they-worse-than-their-unprocessed-animal-based-counterpart/
50,10.1007/s13668-025-00704-6,ultra-processed-plant-foods,SITEMAP_CANONICAL,ultra-processed-plant-foods-are-they-worse-than-their-unprocessed-animal-based-counterparts,Ultra-processed Plant Foods: Are They Worse than their Unprocessed Animal-Based Counterparts? | Miguel López Moreno,10.1007/s13668-025-00704-6,,False,False,https://nutreconciencia.com/articulos/ultra-processed-plant-foods-are-they-worse-than-their-unprocessed-animal-based-counterparts/
51,10.3390/nu16203492,,MANUAL_REVIEW,validation-of-the-modified-yale-food-addiction-scale-2-0-myfas-2-0-in-spanish-university-s,Validation of the Modified Yale Food Addiction Scale 2.0 (mYFAS 2.0) in Spanish University Students,10.3390/nu16203492,39458488,False,False,https://nutreconciencia.com/articulos/validation-of-the-modified-yale-food-addiction-scale-2-0-myfas-2-0-in-spanish-university-s/
51,10.3390/nu16203492,,MANUAL_REVIEW,validation-of-the-modified-yale-food-addiction-scale-20-myfas-20-in-spanish-university-students,Validation of the Modified Yale Food Addiction Scale 2.0 (mYFAS 2.0) in Spanish University Students | Miguel López Moreno,10.3390/nu16203492,39458488,False,False,https://nutreconciencia.com/articulos/validation-of-the-modified-yale-food-addiction-scale-20-myfas-20-in-spanish-university-students/
